unit,condition,n_cycle_spikes,fr_peak_hz,fr_trough_hz,mod_depth,mod_depth_norm,mod_depth_fourier,vs,ppc,rayleigh_p,pref_phase_deg,reliable,rayleigh_q,locked,label,region,depth_um,fr_hz,cell_type
15,flicker_40Hz,149,0.9027777777777778,0.1736111111111111,5.2,0.6774193548387097,0.0714489139186759,0.03572445695933795,-0.0054718967099263585,0.82730371180092,123.65278643577234,False,0.8909847143018271,False,good,CTX,422.42724609375,0.5637616689434286,principal
25,flicker_40Hz,4818,24.930555555555554,16.25,1.534188034188034,0.21079258010118038,0.19397015883725444,0.09698507941862722,0.009200460229303868,1.8790171516041953e-20,358.24530379711865,True,8.455577182218879e-19,True,good,CTX,480.804443359375,17.962435828097185,interneuron
23,flicker_40Hz,1149,7.291666666666667,3.298611111111111,2.210526315789474,0.3770491803278688,0.3156187577086731,0.15780937885433655,0.02405441312064099,3.162674462446149e-13,18.41710023155251,True,7.1160175405038345e-12,True,good,CTX,502.58251953125,6.988666583779414,principal
20,flicker_40Hz,1717,8.194444444444445,6.145833333333334,1.3333333333333333,0.14285714285714282,0.11384740809331718,0.05692370404665859,0.002659445791064298,0.003823841941496055,332.7263824921973,True,0.024581841052474636,True,good,CTX,511.6981201171875,7.8803990762695815,interneuron
27,flicker_40Hz,2373,10.972222222222221,8.75,1.253968253968254,0.11267605633802813,0.046676235742224584,0.023338117871112292,0.00012331220940242586,0.2746108659882494,103.00568823451651,True,0.6743828048428924,False,good,CTX,546.5692138671875,13.136635941941435,interneuron
30,flicker_40Hz,1206,6.909722222222222,3.6805555555555554,1.8773584905660379,0.30491803278688523,0.2977035185709028,0.1488517592854514,0.021345358147969302,2.162897629986464e-12,339.72385019593924,True,3.2443464449796954e-11,True,good,CTX,555.851318359375,6.068844913398031,interneuron
32,flicker_40Hz,5048,23.92361111111111,18.993055555555557,1.259597806215722,0.1148867313915857,0.09178572501537376,0.04589286250768688,0.0019084346299874054,2.4024920017880526e-05,37.72457947249057,True,0.00021622428016092473,True,good,CTX,582.375,21.277750063708364,principal
35,flicker_40Hz,2142,10.347222222222221,7.1180555555555545,1.453658536585366,0.18489065606361835,0.12173651621520258,0.06086825810760129,0.0032396038571250573,0.0003556729573669107,341.1244332042339,True,0.00266754718025183,True,good,CTX,599.0913696289062,8.014119387920724,principal
45,flicker_40Hz,61,0.41666666666666663,0.06944444444444445,5.999999999999999,0.7142857142857143,0.09341236398640385,0.04670618199320192,-0.014448841439678199,0.8762896957891118,67.09951251951853,False,0.8909847143018271,False,good,CTX,738.1071166992188,0.2599238010497071,principal
50,flicker_40Hz,2006,9.444444444444445,7.395833333333333,1.2769953051643192,0.1216494845360825,0.07708882198753998,0.03854441099376999,0.0009876594850007255,0.050761274284739324,4.345835697649795,True,0.2538063714236966,False,good,CTX,766.4937744140625,8.659379234971063,interneuron
49,flicker_40Hz,3259,15.79861111111111,11.840277777777779,1.3343108504398826,0.14321608040201,0.12321509191919042,0.06160754595959521,0.0034897179234973266,4.204490114715254e-06,29.587092029044083,True,4.7300513790546605e-05,True,good,CTX,790.2333984375,12.928538652212142,principal
57,flicker_40Hz,1053,5.104166666666667,3.6458333333333335,1.4000000000000001,0.16666666666666669,0.09124320339980029,0.04562160169990014,0.0011327386505442403,0.11172208962790132,55.35396233406825,True,0.41895783610463,False,good,CTX,799.13525390625,3.417384769356727,principal
56,flicker_40Hz,297,1.4930555555555556,0.8680555555555556,1.72,0.2647058823529412,0.08558105942410936,0.04279052971205468,-0.0015411630350933936,0.5809156726181703,283.2385657409771,True,0.8909847143018271,False,good,CTX,801.6923828125,1.461032872567075,principal
55,flicker_40Hz,161,1.1458333333333335,0.45138888888888884,2.538461538461539,0.4347826086956523,0.18974092362564854,0.09487046181282427,0.002806657052857164,0.23508132980904978,306.84363116307406,False,0.622274108318073,False,good,CTX,805.0826416015625,0.5582229578099492,principal
58,flicker_40Hz,218,1.4583333333333335,0.3819444444444444,3.818181818181819,0.5849056603773586,0.16557213497991086,0.08278606748995543,0.0022768211408221994,0.22465208703654518,92.31716233231653,True,0.622274108318073,False,good,CTX,842.6435546875,1.3597535832691678,principal
65,flicker_40Hz,9894,44.75694444444444,38.958333333333336,1.1488413547237075,0.06926586478639564,0.03237745936450871,0.016188729682254356,0.00016101988684586794,0.07479467440537364,58.73411909256259,True,0.3365760348241814,False,good,CTX,872.6962890625,36.99463414940352,interneuron
64,flicker_40Hz,693,3.7847222222222223,2.291666666666667,1.6515151515151514,0.24571428571428566,0.06033453141922704,0.03016726570961352,-0.0005337076635356422,0.5323985923777479,359.0163404748975,True,0.8909847143018271,False,good,CTX,879.1714477539062,5.669662089563702,principal
67,flicker_40Hz,199,1.0763888888888888,0.5902777777777778,1.8235294117647058,0.29166666666666663,0.07894168183165924,0.03947084091582962,-0.003484689347283115,0.7339059233286395,15.269794218092258,False,0.8909847143018271,False,good,CTX,927.9193115234375,1.1939878714886087,principal
66,flicker_40Hz,46,0.3819444444444444,0.034722222222222224,10.999999999999998,0.8333333333333334,0.20288667356915155,0.10144333678457577,-0.011702788298055827,0.6253339621752843,102.00735988545586,False,0.8909847143018271,False,good,CTX,939.7611694335938,0.27733117889778486,principal
72,flicker_40Hz,439,2.291666666666667,1.1111111111111112,2.0625,0.34693877551020413,0.11607826952334994,0.05803913476167497,0.0010931268743036946,0.22801350897978157,277.5827678863256,True,0.622274108318073,False,good,CTX,956.0975341796875,2.0576311860875593,principal
77,flicker_40Hz,723,3.854166666666667,2.2569444444444446,1.7076923076923076,0.26136363636363635,0.06345250135519848,0.03172625067759924,-0.0003770924487149067,0.4831543253249556,40.62603928222681,True,0.8909847143018271,False,good,HPC,1062.6483154296875,3.2547840353667277,principal
79,flicker_40Hz,189,1.0416666666666665,0.41666666666666663,2.5,0.4285714285714286,0.05206256117744061,0.026031280588720306,-0.004637916965118289,0.8800687734401583,253.22047567993042,False,0.8909847143018271,False,good,HPC,1104.9130859375,0.6132144469209223,principal
85,flicker_40Hz,3609,16.59722222222222,13.819444444444445,1.2010050251256281,0.09132420091324199,0.03579698622495507,0.017898493112477536,4.328298365075878e-05,0.3147119755933498,57.44296538915093,True,0.6743828048428924,False,good,HPC,1198.19384765625,15.414628706696707,interneuron
89,flicker_40Hz,2915,13.506944444444445,10.729166666666668,1.2588996763754043,0.11461318051575925,0.04640768079897245,0.023203840399486225,0.00019543207963804976,0.20816356758971566,349.6754729551692,True,0.622274108318073,False,good,HPC,1203.643798828125,11.821192047740103,principal
87,flicker_40Hz,84,0.5555555555555556,0.10416666666666667,5.333333333333333,0.6842105263157895,0.23719922380044314,0.11859961190022157,0.002187143460267314,0.30769332007379735,185.69528950393615,False,0.6743828048428924,False,good,HPC,1216.047607421875,0.39720471271522967,principal
86,flicker_40Hz,2039,9.340277777777779,7.673611111111111,1.2171945701357467,0.09795918367346945,0.015049676041526362,0.007524838020763181,-0.00043402616350355424,0.8909847143018271,117.05670640000837,True,0.8909847143018271,False,good,HPC,1216.7545166015625,8.941062258330867,unclassified
90,flicker_40Hz,4304,19.20138888888889,16.84027777777778,1.1402061855670103,0.0655105973025048,0.014175569206224078,0.007087784603112039,-0.0001821476374025558,0.8055771390867802,273.45444171213285,True,0.8909847143018271,False,good,HPC,1262.096923828125,18.133344628787402,principal
98,flicker_40Hz,2577,11.875,9.756944444444445,1.217081850533808,0.09791332263242375,0.026463376767657733,0.013231688383828866,-0.0002130532153791307,0.6369226029238659,338.37985483451354,True,0.8909847143018271,False,good,HPC,1341.424072265625,10.66241455417147,principal
101,flicker_40Hz,448,2.326388888888889,1.6319444444444444,1.425531914893617,0.1754385964912281,0.032355932544644694,0.016177966272322347,-0.0019748243545114922,0.8894691600492136,272.51372442853693,True,0.8909847143018271,False,good,HPC,1344.91796875,1.4661759614767342,principal
97,flicker_40Hz,46,0.3125,0.034722222222222224,9.0,0.8,0.19073112643467088,0.09536556321733544,-0.01292552956006796,0.660487077886263,225.9079943456738,False,0.8909847143018271,False,good,HPC,1355.7359619140625,0.11670855602688522,unclassified
103,flicker_40Hz,3840,17.46527777777778,14.722222222222223,1.1863207547169812,0.08522114347357065,0.022231882386215002,0.011115941193107501,-0.00013688816601794296,0.622233901699691,248.8003061944965,True,0.8909847143018271,False,good,HPC,1363.6138916015625,15.607296729697023,principal
105,flicker_40Hz,55,0.3472222222222222,0.06944444444444445,5.0,0.6666666666666667,0.12071106542260253,0.060355532711301264,-0.014808269109489397,0.819774173720193,262.06176381033845,False,0.8909847143018271,False,good,HPC,1373.565673828125,0.13609404499406277,principal
109,flicker_40Hz,1412,6.597222222222221,5.347222222222221,1.2337662337662338,0.1046511627906977,0.033731672106010024,0.016865836053005012,-0.00042405919689384597,0.6692893292131313,4.650752002946997,True,0.8909847143018271,False,good,HPC,1397.14111328125,4.8515153307040455,principal
108,flicker_40Hz,152,0.9722222222222223,0.3472222222222222,2.8000000000000003,0.4736842105263158,0.28706533270263757,0.14353266635131878,0.01411554436495158,0.04339913297051994,157.48523607604312,False,0.24412012295917468,False,good,HPC,1402.908203125,0.49769275756549697,principal
117,flicker_40Hz,146,0.8333333333333333,0.45138888888888884,1.8461538461538463,0.2972972972972973,0.06660909838987075,0.033304549194935376,-0.005779709120183662,0.8509227360733821,66.00881382487505,False,0.8909847143018271,False,good,HPC,1462.09912109375,1.1967572270553484,principal
128,flicker_40Hz,1549,7.4305555555555545,5.555555555555555,1.3375,0.14438502673796785,0.07596223300284627,0.037981116501423134,0.0007975022683243245,0.1070329950012105,160.48156334535358,True,0.41895783610463,False,good,HPC,1481.024169921875,5.488862733277985,principal
138,flicker_40Hz,1004,4.652777777777778,3.8194444444444446,1.218181818181818,0.09836065573770489,0.024740892224059733,0.012370446112029867,-0.0008438284658437912,0.8576412055045994,51.33738006786816,True,0.8909847143018271,False,good,HPC,1647.69873046875,3.940397349246701,principal
137,flicker_40Hz,2898,13.541666666666666,10.416666666666668,1.2999999999999998,0.13043478260869557,0.03603074451822541,0.018015372259112705,-2.0519005224538095e-05,0.39044409553952064,52.080736953041566,True,0.7913252919452056,False,good,HPC,1648.5931396484375,13.067797674996765,principal
136,flicker_40Hz,203,1.0763888888888888,0.5902777777777778,1.8235294117647058,0.29166666666666663,0.0955901580841021,0.04779507904205105,-0.0026548167085688654,0.629486526424612,262.02961602870374,True,0.8909847143018271,False,good,HPC,1668.7030029296875,0.6183575358305816,interneuron
142,flicker_40Hz,616,3.2291666666666665,2.1180555555555554,1.5245901639344264,0.20779220779220783,0.09020754645075592,0.04510377322537796,0.0004116419857665922,0.2857094454420453,304.2400114442144,True,0.6743828048428924,False,good,HPC,1676.186279296875,2.6099198105402093,interneuron
143,flicker_40Hz,775,4.0625,2.3958333333333335,1.6956521739130435,0.2580645161290322,0.024920651854439105,0.012460325927219552,-0.0011365293479138007,0.8866957490828539,353.6735646268667,True,0.8909847143018271,False,good,HPC,1676.8529052734375,2.2942132759318894,interneuron
158,flicker_40Hz,23,0.1736111111111111,0.034722222222222224,5.0,0.6666666666666667,0.16378274662112086,0.08189137331056043,-0.03844352129446091,0.8596723117513305,75.81506732928683,False,0.8909847143018271,False,good,HPC,1960.6185302734375,0.09059748925476853,interneuron
170,flicker_40Hz,2607,12.465277777777779,9.86111111111111,1.2640845070422537,0.11664074650077766,0.03726988132755164,0.01863494066377582,-3.6335586222119835e-05,0.40445514921643844,64.97199573577639,True,0.7913252919452056,False,good,HPC,2025.796142578125,11.272464023301833,principal
174,flicker_40Hz,696,3.368055555555556,2.2569444444444446,1.4923076923076923,0.19753086419753088,0.10132333769755685,0.05066166884877842,0.0011314487260692479,0.16759252322270204,258.12493975102996,True,0.580127965001661,False,good,HPC,2044.546142578125,3.1926713462269958,principal
175,flicker_40Hz,3417,15.729166666666666,12.36111111111111,1.2724719101123596,0.11990111248454882,0.02282853543204373,0.011414267716021866,-0.00016241639955982262,0.6407378085463653,134.13401147659246,True,0.8909847143018271,False,good,HPC,2050.2314453125,14.512214414163402,interneuron
15,flicker_20Hz,23,0.2777777777777778,0.0,inf,1.0,0.6077778646662982,0.3038889323331491,0.051091596067062275,0.119200291948006,334.1164978886682,False,0.24381877898455775,False,good,CTX,422.42724609375,0.5637616689434286,principal
25,flicker_20Hz,5295,45.208333333333336,11.944444444444445,3.7848837209302326,0.5820170109356015,0.48431505832500893,0.24215752916250446,0.05846245258496832,1.3419009202077455e-137,346.19444836667765,True,3.0192770704674275e-136,True,good,CTX,480.804443359375,17.962435828097185,interneuron
23,flicker_20Hz,1629,19.375,1.1111111111111112,17.4375,0.8915254237288136,1.0582322343032993,0.5291161171516496,0.27952158279169576,6.099752844102544e-215,329.7277113748718,True,2.7448887798461448e-213,True,good,CTX,502.58251953125,6.988666583779414,principal
20,flicker_20Hz,946,8.472222222222221,1.8055555555555556,4.692307692307692,0.6486486486486487,0.5387221107133162,0.2693610553566581,0.07157395526258052,4.431690295186825e-31,335.25005847412154,True,2.492825791042589e-30,True,good,CTX,511.6981201171875,7.8803990762695815,interneuron
27,flicker_20Hz,2751,15.902777777777777,6.805555555555555,2.336734693877551,0.40061162079510704,0.3801602090342,0.1900801045171,0.035779948113643746,2.7817035015523087e-44,50.88110658241831,True,2.0862776261642315e-43,True,good,CTX,546.5692138671875,13.136635941941435,interneuron
30,flicker_20Hz,2284,19.444444444444443,4.513888888888888,4.3076923076923075,0.6231884057971014,0.3269180828432445,0.16345904142162224,0.02629254147180653,2.1051393627343346e-27,342.21997171837086,True,9.473127132304506e-27,True,good,CTX,555.851318359375,6.068844913398031,interneuron
32,flicker_20Hz,4398,32.986111111111114,9.583333333333334,3.4420289855072466,0.5497553017944534,0.5174982947762509,0.25874914738812543,0.06673892002806732,8.349351477890973e-131,343.68043724088,True,1.2524027216836458e-129,True,good,CTX,582.375,21.277750063708364,principal
35,flicker_20Hz,1253,10.069444444444443,2.916666666666667,3.4523809523809517,0.550802139037433,0.4510512863006297,0.22552564315031484,0.05010371812708388,9.392431864461739e-29,339.84264981232667,True,4.696215932230869e-28,True,good,CTX,599.0913696289062,8.014119387920724,principal
45,flicker_20Hz,39,0.48611111111111116,0.0,inf,1.0,0.6312123758346134,0.3156061879173067,0.0759127202162126,0.019576340154992156,333.9082779619775,False,0.04894085038748039,False,good,CTX,738.1071166992188,0.2599238010497071,principal
50,flicker_20Hz,3761,27.84722222222222,6.388888888888888,4.358695652173913,0.6267748478701826,0.5200918264241043,0.26004591321205217,0.0673759046051461,4.2323274146291666e-113,41.633013031333086,True,3.80909467316625e-112,True,good,CTX,766.4937744140625,8.659379234971063,interneuron
49,flicker_20Hz,3406,27.499999999999996,7.569444444444445,3.6330275229357794,0.5683168316831682,0.5544875821013147,0.27724379105065733,0.07659300781701459,1.1135701057264915e-116,9.596671539145396,True,1.2527663689423029e-115,True,good,CTX,790.2333984375,12.928538652212142,principal
57,flicker_20Hz,831,4.583333333333333,2.5694444444444446,1.7837837837837835,0.28155339805825236,0.1319386333253702,0.0659693166626851,0.0031523747779789012,0.026830055650914175,223.3445365507839,True,0.063544868646902,False,good,CTX,799.13525390625,3.417384769356727,principal
56,flicker_20Hz,221,1.5972222222222223,0.3472222222222222,4.6000000000000005,0.6428571428571428,0.3582627221714248,0.1791313610857124,0.0276884447268036,0.0007984211874548558,206.511429225504,True,0.002763765648882193,True,good,CTX,801.6923828125,1.461032872567075,principal
55,flicker_20Hz,216,1.3888888888888888,0.3472222222222222,4.0,0.5999999999999999,0.20939175987498632,0.10469587993749316,0.006361046937634288,0.09360834928683563,20.338836388088325,True,0.20058931990036205,False,good,CTX,805.0826416015625,0.5582229578099492,principal
58,flicker_20Hz,1621,9.652777777777779,4.583333333333333,2.1060606060606064,0.35609756097560985,0.16579511191148608,0.08289755595574304,0.006258962811079644,1.429971772862231e-05,19.60927269209205,True,5.362394148233367e-05,True,good,CTX,842.6435546875,1.3597535832691678,principal
65,flicker_20Hz,10036,50.0,32.638888888888886,1.5319148936170215,0.21008403361344544,0.1784142398713235,0.08920711993566174,0.00785905204195866,1.7671489757351993e-35,64.84716870937245,True,1.1360243415440567e-34,True,good,CTX,872.6962890625,36.99463414940352,interneuron
64,flicker_20Hz,442,2.7777777777777777,1.1111111111111112,2.5,0.42857142857142855,0.24202112860248848,0.12101056430124424,0.012409188320289026,0.0015201787607396467,296.64606265523923,True,0.0045605362822189405,True,good,CTX,879.1714477539062,5.669662089563702,principal
67,flicker_20Hz,1758,10.76388888888889,4.097222222222222,2.6271186440677967,0.44859813084112155,0.2759248726027869,0.13796243630139346,0.018475314896710195,2.5257673817165835e-15,75.65990304421652,True,1.0332684743386023e-14,True,good,CTX,927.9193115234375,1.1939878714886087,principal
66,flicker_20Hz,10,0.20833333333333334,0.0,inf,1.0,0.4894075420161695,0.24470377100808474,-0.04457784939380314,0.5608811437565512,87.97393304684833,False,0.8610293266988766,False,good,CTX,939.7611694335938,0.27733117889778486,principal
72,flicker_20Hz,291,1.8055555555555556,0.48611111111111116,3.714285714285714,0.5757575757575757,0.2518661099238837,0.12593305496194185,0.01246554514008901,0.009799333289292793,91.0890479774123,True,0.025939411648127984,True,good,CTX,956.0975341796875,2.0576311860875593,principal
77,flicker_20Hz,669,3.8888888888888884,1.5277777777777777,2.5454545454545454,0.43589743589743585,0.1980880498280879,0.09904402491404395,0.008327398091040784,0.0013962874401789954,11.548624453409381,True,0.004488066772003914,True,good,HPC,1062.6483154296875,3.2547840353667277,principal
79,flicker_20Hz,45,0.48611111111111116,0.0,inf,1.0,0.17202669769239154,0.08601334884619577,-0.01516083345254133,0.7190224601073794,332.9234844381342,False,0.9158060413984023,False,good,HPC,1104.9130859375,0.6132144469209223,principal
85,flicker_20Hz,3799,17.430555555555557,13.88888888888889,1.2550000000000001,0.11308203991130823,0.018398562613825543,0.009199281306912771,-0.00017864741333187145,0.7250884614593778,230.73780974896587,True,0.9158060413984023,False,good,HPC,1198.19384765625,15.414628706696707,interneuron
89,flicker_20Hz,2601,12.847222222222221,8.680555555555555,1.48,0.19354838709677416,0.032426954455187056,0.016213477227593528,-0.00012163743432730241,0.5047680951950326,126.30702705661513,True,0.8209455093935475,False,good,HPC,1203.643798828125,11.821192047740103,principal
87,flicker_20Hz,172,1.1111111111111112,0.3472222222222222,3.2,0.5238095238095238,0.06864362649733317,0.03432181324866659,-0.0046630775396237925,0.8170249541892924,131.36920372762955,False,0.9555849292746132,False,good,HPC,1216.047607421875,0.39720471271522967,principal
86,flicker_20Hz,1876,9.583333333333334,5.902777777777778,1.623529411764706,0.23766816143497763,0.04656193068211341,0.023280965341056704,8.959082329996341e-06,0.3617995122585689,351.4593695537147,True,0.6783740854848167,False,good,HPC,1216.7545166015625,8.941062258330867,unclassified
90,flicker_20Hz,4204,19.375,15.347222222222221,1.262443438914027,0.11600000000000002,0.02803852331709172,0.01401926165854586,-4.1338832242908855e-05,0.4377115193149964,309.54632856579695,True,0.7878807347669935,False,good,HPC,1262.096923828125,18.133344628787402,principal
98,flicker_20Hz,3070,15.833333333333334,10.694444444444445,1.4805194805194806,0.193717277486911,0.024102421055368955,0.012051210527684477,-0.00018056003818491377,0.6403087350953568,33.87485014956002,True,0.873148275130032,False,good,HPC,1341.424072265625,10.66241455417147,principal
101,flicker_20Hz,362,2.1527777777777777,1.0416666666666665,2.066666666666667,0.3478260869565218,0.035867550199108034,0.017933775099554017,-0.002447571898242823,0.8902301265749868,133.5311950539907,True,0.9555849292746132,False,good,HPC,1344.91796875,1.4661759614767342,principal
97,flicker_20Hz,21,0.2777777777777778,0.0,inf,1.0,0.2980706653246794,0.1490353326623397,-0.026677893099137033,0.6325258901264728,116.02216959986593,False,0.873148275130032,False,good,HPC,1355.7359619140625,0.11670855602688522,unclassified
103,flicker_20Hz,3856,18.055555555555557,14.375,1.2560386473429952,0.11349036402569597,0.023997402664628475,0.011998701332314237,-0.00011539719258080974,0.5740195511325844,271.30057576977845,True,0.8610293266988766,False,good,HPC,1363.6138916015625,15.607296729697023,principal
105,flicker_20Hz,21,0.2777777777777778,0.0,inf,1.0,0.29862194874662606,0.14931097437331303,-0.026591544578276453,0.631448349982403,114.86091911682185,False,0.873148275130032,False,good,HPC,1373.565673828125,0.13609404499406277,principal
109,flicker_20Hz,1406,7.291666666666666,4.791666666666666,1.5217391304347827,0.20689655172413796,0.04547269630169338,0.02273634815084669,-0.00019443431509285944,0.483523547379908,231.9620683709025,True,0.8209455093935475,False,good,HPC,1397.14111328125,4.8515153307040455,principal
108,flicker_20Hz,115,0.7638888888888888,0.1388888888888889,5.499999999999999,0.6923076923076924,0.02561715783559679,0.012808578917798396,-0.008606431010546062,0.9813894023004357,86.78630058801932,False,0.9966557875416778,False,good,HPC,1402.908203125,0.49769275756549697,principal
117,flicker_20Hz,174,1.1805555555555556,0.2777777777777778,4.25,0.619047619047619,0.00878795756877304,0.00439397878438652,-0.00576092816980908,0.9966557875416777,115.81001075645125,False,0.9966557875416778,False,good,HPC,1462.09912109375,1.1967572270553484,principal
128,flicker_20Hz,1510,7.291666666666666,5.208333333333334,1.3999999999999997,0.16666666666666657,0.02490634132119122,0.01245317066059561,-0.0005075062930100079,0.7912790758666136,229.7411916985708,True,0.9555849292746132,False,good,HPC,1481.024169921875,5.488862733277985,principal
138,flicker_20Hz,946,5.486111111111111,2.7777777777777777,1.9749999999999999,0.32773109243697474,0.019609277110276237,0.009804638555138119,-0.0009619683951446896,0.9131144879735194,76.35244861242074,True,0.9555849292746132,False,good,HPC,1647.69873046875,3.940397349246701,principal
137,flicker_20Hz,3009,14.51388888888889,10.416666666666666,1.3933333333333335,0.16434540389972147,0.01471903823786809,0.007359519118934045,-0.0002782662806912151,0.8496335359290104,83.29998550664767,True,0.9555849292746132,False,good,HPC,1648.5931396484375,13.067797674996765,principal
136,flicker_20Hz,113,0.7638888888888888,0.1388888888888889,5.499999999999999,0.6923076923076924,0.06844109031928265,0.034220545159641326,-0.0077470699522713855,0.8765307654146032,167.6632084078344,False,0.9555849292746132,False,good,HPC,1668.7030029296875,0.6183575358305816,interneuron
142,flicker_20Hz,703,3.8194444444444446,2.0138888888888893,1.8965517241379308,0.3095238095238095,0.13950412399981676,0.06975206199990838,0.003447779426961625,0.03264473303595291,92.18186604408005,True,0.07345064933089404,False,good,HPC,1676.186279296875,2.6099198105402093,interneuron
143,flicker_20Hz,264,1.6666666666666667,0.6944444444444444,2.4000000000000004,0.411764705882353,0.10095014235569802,0.05047507117784901,-0.0012448613614146164,0.5108105391782073,13.199718461434788,True,0.8209455093935475,False,good,HPC,1676.8529052734375,2.2942132759318894,interneuron
158,flicker_20Hz,19,0.20833333333333334,0.0,inf,1.0,0.15660959494239773,0.07830479747119887,-0.049083267509272,0.8925438318001592,45.72792952095205,False,0.9555849292746132,False,good,HPC,1960.6185302734375,0.09059748925476853,interneuron
170,flicker_20Hz,2418,12.708333333333334,8.125,1.564102564102564,0.22,0.04585991682308652,0.02292995841154326,0.000112264491717766,0.28048150492765583,26.805769990467144,True,0.5487681618149788,False,good,HPC,2025.796142578125,11.272464023301833,principal
174,flicker_20Hz,768,4.513888888888889,2.2222222222222223,2.03125,0.3402061855670103,0.040263795821953226,0.020131897910976613,-0.000897959237592631,0.7326448331187217,248.71513158791726,True,0.9158060413984023,False,good,HPC,2044.546142578125,3.1926713462269958,principal
175,flicker_20Hz,3202,16.180555555555554,10.902777777777779,1.4840764331210188,0.1948717948717948,0.07767009339731903,0.03883504669865952,0.0011962296308599763,0.007984937034378982,7.064903955684714,True,0.022457635409190886,True,good,HPC,2050.2314453125,14.512214414163402,interneuron
15,phase_reversing_1,110,0.6944444444444444,0.3472222222222222,2.0,0.33333333333333337,0.1305935579414744,0.0652967789707372,-0.004871526350138863,0.6266446486294258,22.967750468087644,False,0.9570933866315744,False,good,CTX,422.42724609375,0.5637616689434286,principal
25,phase_reversing_1,5178,22.569444444444446,20.208333333333336,1.1168384879725086,0.05519480519480518,0.02745875369296444,0.01372937684648222,-4.629864142724537e-06,0.3768217782700238,280.98667516942663,True,0.9570933866315744,False,good,CTX,480.804443359375,17.962435828097185,interneuron
23,phase_reversing_1,1019,4.895833333333334,3.5416666666666665,1.3823529411764708,0.1604938271604939,0.06203424875361739,0.031017124376808695,-1.9311215428347574e-05,0.3752750927353732,110.22710798983796,True,0.9570933866315744,False,good,CTX,502.58251953125,6.988666583779414,principal
20,phase_reversing_1,2072,9.54861111111111,7.881944444444445,1.211453744493392,0.09561752988047804,0.009519053197595835,0.0047595265987979175,-0.00046019449076902674,0.9541578581803317,327.93852761624714,True,0.9921697752355652,False,good,CTX,511.6981201171875,7.8803990762695815,interneuron
27,phase_reversing_1,2493,11.145833333333332,9.20138888888889,1.2113207547169809,0.09556313993174054,0.01274351139532229,0.006371755697661145,-0.00036066854663643726,0.903757042576603,310.41510304705236,True,0.9919284613645643,False,good,CTX,546.5692138671875,13.136635941941435,interneuron
30,phase_reversing_1,1480,6.875,5.416666666666666,1.2692307692307694,0.11864406779661023,0.03364995018581378,0.01682497509290689,-0.00039286133564714874,0.657805347238308,235.1704761100357,True,0.9570933866315744,False,good,CTX,555.851318359375,6.068844913398031,interneuron
32,phase_reversing_1,5079,22.395833333333336,19.756944444444443,1.1335676625659052,0.06260296540362448,0.029015261596056045,0.014507630798028023,1.3584874678581228e-05,0.34337401428527536,63.66493660541715,True,0.9570933866315744,False,good,CTX,582.375,21.277750063708364,principal
35,phase_reversing_1,2241,10.520833333333334,8.402777777777779,1.2520661157024793,0.11192660550458712,0.059899705294368596,0.029949852647184298,0.0004509655457637613,0.13396655469385613,231.52181933880723,True,0.8612135658890752,False,good,CTX,599.0913696289062,8.014119387920724,principal
45,phase_reversing_1,74,0.4513888888888889,0.10416666666666667,4.333333333333333,0.625,0.1214551377075781,0.06072756885378905,-0.009960274194548152,0.7623759588266267,34.44320459383382,False,0.9570933866315744,False,good,CTX,738.1071166992188,0.2599238010497071,principal
50,phase_reversing_1,1831,8.472222222222221,6.701388888888889,1.2642487046632123,0.11670480549199078,0.07501093600546532,0.03750546800273266,0.0008609807094100714,0.07609313702035143,136.5784147615364,True,0.8257437271096836,False,good,CTX,766.4937744140625,8.659379234971063,interneuron
49,phase_reversing_1,3339,15.868055555555555,12.222222222222221,1.2982954545454546,0.12978986402966627,0.04129426934329121,0.020647134671645605,0.00012685129542472888,0.24090125213375832,59.38041775789848,True,0.9570933866315744,False,good,CTX,790.2333984375,12.928538652212142,principal
57,phase_reversing_1,789,3.75,2.8124999999999996,1.3333333333333335,0.14285714285714293,0.05327558184615535,0.026637790923077675,-0.0005585631557723326,0.5714394032590906,339.1189453501661,True,0.9570933866315744,False,good,CTX,799.13525390625,3.417384769356727,principal
56,phase_reversing_1,248,1.423611111111111,0.6597222222222222,2.157894736842105,0.36666666666666664,0.07844207558776531,0.039221037793882654,-0.0025040652963723297,0.683263828363406,146.91349281434373,True,0.9570933866315744,False,good,CTX,801.6923828125,1.461032872567075,principal
55,phase_reversing_1,156,0.9027777777777777,0.45138888888888884,2.0,0.3333333333333333,0.10397381810085093,0.05198690905042547,-0.003731537811817518,0.6566874077890545,135.78128824361244,False,0.9570933866315744,False,good,CTX,805.0826416015625,0.5582229578099492,principal
58,phase_reversing_1,66,0.4513888888888889,0.10416666666666667,4.333333333333333,0.625,0.14211888326663177,0.07105944163331589,-0.010257487381757703,0.7180831654632323,245.62975712316168,False,0.9570933866315744,False,good,CTX,842.6435546875,1.3597535832691678,principal
65,phase_reversing_1,9274,40.69444444444444,35.3125,1.152409046214356,0.07080858839652808,0.008979988548694761,0.0044899942743473805,-8.767774284859523e-05,0.8294809350806979,304.7267866156162,True,0.9570933866315744,False,good,CTX,872.6962890625,36.99463414940352,interneuron
64,phase_reversing_1,1198,5.868055555555555,4.305555555555555,1.3629032258064517,0.15358361774744028,0.085831054225773,0.0429155271128865,0.0010078592112928335,0.11008499154193473,341.57697767961696,True,0.8257437271096836,False,good,CTX,879.1714477539062,5.669662089563702,principal
67,phase_reversing_1,117,0.7291666666666667,0.2777777777777778,2.625,0.44827586206896547,0.08951548229844934,0.04475774114922467,-0.006600164819350199,0.7917579759307649,16.397072797022517,False,0.9570933866315744,False,good,CTX,927.9193115234375,1.1939878714886087,principal
66,phase_reversing_1,73,0.4513888888888889,0.10416666666666667,4.333333333333333,0.625,0.29575692263448866,0.14787846131724433,0.00828287320102178,0.2030808363630213,268.36818237614216,False,0.9570933866315744,False,good,CTX,939.7611694335938,0.27733117889778486,principal
72,phase_reversing_1,508,2.5694444444444446,1.4930555555555556,1.7209302325581397,0.264957264957265,0.08307123726659,0.041535618633295,-0.00024377619615923953,0.41647830017741105,87.90399779083198,True,0.9570933866315744,False,good,CTX,956.0975341796875,2.0576311860875593,principal
77,phase_reversing_1,911,4.618055555555555,3.2986111111111107,1.4000000000000001,0.1666666666666667,0.10062581607244099,0.050312908036220495,0.001435269362000808,0.09963029740600483,237.88317267172906,True,0.8257437271096836,False,good,HPC,1062.6483154296875,3.2547840353667277,principal
79,phase_reversing_1,130,0.763888888888889,0.3125,2.4444444444444446,0.4193548387096775,0.028778365393604937,0.014389182696802469,-0.007543284378072444,0.9735417534840036,42.85905932696438,False,0.9921697752355652,False,good,HPC,1104.9130859375,0.6132144469209223,principal
85,phase_reversing_1,3719,16.73611111111111,14.513888888888888,1.15311004784689,0.07111111111111114,0.015431756310638346,0.007715878155319173,-0.00020941101913473539,0.8014093917770503,123.43965447331215,True,0.9570933866315744,False,good,HPC,1198.19384765625,15.414628706696707,interneuron
89,phase_reversing_1,3177,14.965277777777779,12.187499999999998,1.2279202279202281,0.10230179028133002,0.03870706975796228,0.01935353487898114,5.9815785647050355e-05,0.30425196691395034,164.98459150993614,True,0.9570933866315744,False,good,HPC,1203.643798828125,11.821192047740103,principal
87,phase_reversing_1,124,0.6597222222222222,0.3125,2.111111111111111,0.35714285714285715,0.149242011580082,0.074621005790041,-0.002516516108662202,0.5022547421616539,224.18344758236788,False,0.9570933866315744,False,good,HPC,1216.047607421875,0.39720471271522967,principal
86,phase_reversing_1,2512,11.527777777777779,9.6875,1.1899641577060933,0.08674304418985274,0.030876907431086346,0.015438453715543173,-0.00015980693625848444,0.5495578172821801,225.60816636928433,True,0.9570933866315744,False,good,HPC,1216.7545166015625,8.941062258330867,unclassified
90,phase_reversing_1,4036,18.576388888888886,15.659722222222221,1.186252771618625,0.08519269776876262,0.03832374635112661,0.019161873175563306,0.00011943690711151424,0.22721004947527482,5.648148226973275,True,0.9570933866315744,False,good,HPC,1262.096923828125,18.133344628787402,principal
98,phase_reversing_1,2510,11.38888888888889,9.756944444444445,1.1672597864768683,0.07717569786535304,0.028431824414515285,0.014215912207257642,-0.00019639245862495546,0.6021938289409022,331.3366942636046,True,0.9570933866315744,False,good,HPC,1341.424072265625,10.66241455417147,principal
101,phase_reversing_1,475,2.4305555555555554,1.6319444444444442,1.4893617021276597,0.1965811965811966,0.08091977259508051,0.04045988629754026,-0.00046924865058081087,0.45974836160869514,265.5368576998617,True,0.9570933866315744,False,good,HPC,1344.91796875,1.4661759614767342,principal
97,phase_reversing_1,18,0.1736111111111111,0.0,inf,1.0,0.3547945775249136,0.1773972887624568,-0.025502566759713605,0.573892062890759,228.96794279231085,False,0.9570933866315744,False,good,HPC,1355.7359619140625,0.11670855602688522,unclassified
103,phase_reversing_1,3486,15.416666666666666,13.29861111111111,1.1592689295039165,0.07376058041112454,0.017301733993770812,0.008650866996885406,-0.00021208507193826834,0.7703957077563317,274.13019061684844,True,0.9570933866315744,False,good,HPC,1363.6138916015625,15.607296729697023,principal
105,phase_reversing_1,24,0.1736111111111111,0.0,inf,1.0,0.185162422151256,0.092581211075628,-0.03453431584949915,0.8171532457875534,238.21662536213918,False,0.9570933866315744,False,good,HPC,1373.565673828125,0.13609404499406277,principal
109,phase_reversing_1,1222,5.659722222222222,4.444444444444445,1.2734375,0.12027491408934705,0.04040371684703899,0.020201858423519493,-0.00041055148864904434,0.6074025733724914,16.531899636138874,True,0.9570933866315744,False,good,HPC,1397.14111328125,4.8515153307040455,principal
108,phase_reversing_1,109,0.7291666666666667,0.2777777777777778,2.625,0.44827586206896547,0.12912797891552438,0.06456398945776219,-0.005052153221458139,0.6358702577077358,122.50263545599178,False,0.9570933866315744,False,good,HPC,1402.908203125,0.49769275756549697,principal
117,phase_reversing_1,178,1.0416666666666667,0.3819444444444444,2.7272727272727275,0.46341463414634154,0.2473634284784521,0.12368171423922605,0.009733873592165739,0.06550206272749802,100.42666704461705,False,0.8257437271096836,False,good,HPC,1462.09912109375,1.1967572270553484,principal
128,phase_reversing_1,1519,6.979166666666667,5.625,1.2407407407407407,0.10743801652892564,0.027177621430909522,0.013588810715454761,-0.0004739841075446404,0.7554718452995639,77.40159391199344,True,0.9570933866315744,False,good,HPC,1481.024169921875,5.488862733277985,principal
138,phase_reversing_1,988,4.722222222222222,3.333333333333333,1.4166666666666667,0.17241379310344834,0.09451042859192689,0.047255214295963445,0.0012221465195740005,0.11009916361462448,99.48824544541957,True,0.8257437271096836,False,good,HPC,1647.69873046875,3.940397349246701,principal
137,phase_reversing_1,2908,12.95138888888889,11.284722222222221,1.1476923076923078,0.06876790830945564,0.017381704361297323,0.008690852180648662,-0.0002684403539703903,0.8028316185162367,293.00774349894016,True,0.9570933866315744,False,good,HPC,1648.5931396484375,13.067797674996765,principal
136,phase_reversing_1,141,1.0416666666666665,0.3819444444444444,2.727272727272727,0.46341463414634143,0.287608052420991,0.1438040262104955,0.01368445222545137,0.05390185140052572,178.3930604654133,False,0.8257437271096836,False,good,HPC,1668.7030029296875,0.6183575358305816,interneuron
142,phase_reversing_1,758,3.7152777777777777,2.8125,1.3209876543209875,0.1382978723404255,0.015288618550840556,0.007644309275420278,-0.0012624913052336941,0.9566998918981939,275.3074248629764,True,0.9921697752355652,False,good,HPC,1676.186279296875,2.6099198105402093,interneuron
143,phase_reversing_1,617,3.0208333333333335,2.1180555555555554,1.4262295081967216,0.17567567567567574,0.054907507452568546,0.027453753726284273,-0.0008684444768013643,0.6282927245743828,139.86621153441303,True,0.9570933866315744,False,good,HPC,1676.8529052734375,2.2942132759318894,interneuron
158,phase_reversing_1,13,0.10416666666666667,0.034722222222222224,3.0,0.5,0.050114334915808675,0.025057167457904338,-0.08265314988890209,0.9921697752355653,272.9921558128621,False,0.9921697752355652,False,good,HPC,1960.6185302734375,0.09059748925476853,interneuron
170,phase_reversing_1,2488,11.215277777777779,9.270833333333334,1.2097378277153559,0.09491525423728812,0.033157735915026715,0.016578867957513357,-0.00012712149154458146,0.5047164879670086,64.26843314940092,True,0.9570933866315744,False,good,HPC,2025.796142578125,11.272464023301833,principal
174,phase_reversing_1,661,3.472222222222222,2.2569444444444446,1.538461538461538,0.21212121212121204,0.09261855814685761,0.046309279073428807,0.0006326471303132881,0.24238334578822773,236.66890445251653,True,0.9570933866315744,False,good,HPC,2044.546142578125,3.1926713462269958,principal
175,phase_reversing_1,3529,15.659722222222221,13.472222222222221,1.1623711340206186,0.07508939213349225,0.01334019570439239,0.006670097852196195,-0.0002389438960578426,0.8547165048013714,351.5016180673827,True,0.9615560679015429,False,good,HPC,2050.2314453125,14.512214414163402,interneuron
