unit,condition,vs_f0,ppc_f0,p_f0,n_spikes,vs_2f0,ppc_2f0,p_2f0,q_f0,q_2f0,reliable,locked_at_2f0_only,label,region,depth_um,fr_hz,cell_type
15,flicker_40Hz,0.03572445695933795,-0.0054718967099263585,0.82730371180092,149,0.17381183006704148,0.0236579208676815,0.010883695013578656,0.8909847143018271,0.24488313780551976,False,False,good,CTX,422.42724609375,0.5637616689434286,principal
25,flicker_40Hz,0.09698507941862722,0.009200460229303868,1.8790171516041953e-20,4818,0.02013902494112632,0.00019806643318270834,0.1416945842668837,8.455577182218879e-19,0.6305361029049693,True,False,good,CTX,480.804443359375,17.962435828097185,interneuron
23,flicker_40Hz,0.15780937885433655,0.02405441312064099,3.162674462446149e-13,1149,0.07313549421309136,0.0044823796083173295,0.0021306504607613405,7.1160175405038345e-12,0.09587927073426032,True,False,good,CTX,502.58251953125,6.988666583779414,principal
20,flicker_40Hz,0.05692370404665859,0.002659445791064298,0.003823841941496055,1717,0.009586193599130507,-0.0004908019231029963,0.854070455790145,0.024581841052474636,0.9150754883465838,True,False,good,CTX,511.6981201171875,7.8803990762695815,interneuron
27,flicker_40Hz,0.023338117871112292,0.00012331220940242586,0.2746108659882494,2373,0.03015095122679517,0.0004878779542565848,0.1156389717583327,0.6743828048428924,0.6305361029049693,True,False,good,CTX,546.5692138671875,13.136635941941435,interneuron
30,flicker_40Hz,0.1488517592854514,0.021345358147969302,2.162897629986464e-12,1206,0.0403499606852187,0.0007995949449976973,0.14036669213434583,3.2443464449796954e-11,0.6305361029049693,True,False,good,CTX,555.851318359375,6.068844913398031,interneuron
32,flicker_40Hz,0.04589286250768688,0.0019084346299874054,2.4024920017880526e-05,5048,0.004427265437748251,-0.00017853294454414455,0.9058016609125829,0.00021622428016092473,0.9479319707224705,True,False,good,CTX,582.375,21.277750063708364,principal
35,flicker_40Hz,0.06086825810760129,0.0032396038571250573,0.0003556729573669107,2142,0.02842851402173323,0.00034148642555557066,0.17709515314854127,0.00266754718025183,0.6305361029049693,True,False,good,CTX,599.0913696289062,8.014119387920724,principal
45,flicker_40Hz,0.04670618199320192,-0.014448841439678199,0.8762896957891118,61,0.11265734237282113,-0.0037634619296511786,0.4628694905266562,0.8909847143018271,0.6856354258668974,False,False,good,CTX,738.1071166992188,0.2599238010497071,principal
50,flicker_40Hz,0.03854441099376999,0.0009876594850007255,0.050761274284739324,2006,0.010589462577602805,-0.00038656047098703484,0.7985988669833695,0.2538063714236966,0.8806057415733957,True,False,good,CTX,766.4937744140625,8.659379234971063,interneuron
49,flicker_40Hz,0.06160754595959521,0.0034897179234973266,4.204490114715254e-06,3259,0.018258598197657214,2.6541962596573955e-05,0.3374298722782742,4.7300513790546605e-05,0.6856354258668974,True,False,good,CTX,790.2333984375,12.928538652212142,principal
57,flicker_40Hz,0.04562160169990014,0.0011327386505442403,0.11172208962790132,1053,0.019933211150722916,-0.0005528597425488523,0.6582078685142824,0.41895783610463,0.8098984271821779,True,False,good,CTX,799.13525390625,3.417384769356727,principal
56,flicker_40Hz,0.04279052971205468,-0.0015411630350933936,0.5809156726181703,297,0.061901893803530374,0.0004664114985461986,0.3207055376394013,0.8909847143018271,0.6856354258668974,True,False,good,CTX,801.6923828125,1.461032872567075,principal
55,flicker_40Hz,0.09487046181282427,0.002806657052857164,0.23508132980904978,161,0.10271676440102412,0.004366675774571845,0.18307276568178027,0.622274108318073,0.6305361029049693,False,False,good,CTX,805.0826416015625,0.5582229578099492,principal
58,flicker_40Hz,0.08278606748995543,0.0022768211408221994,0.22465208703654518,218,0.06218303759511779,-0.0007237457333033576,0.4309216132210076,0.622274108318073,0.6856354258668974,True,False,good,CTX,842.6435546875,1.3597535832691678,principal
65,flicker_40Hz,0.016188729682254356,0.00016101988684586794,0.07479467440537364,9894,0.009172132503918453,-1.694505436779405e-05,0.43503098541363006,0.3365760348241814,0.6856354258668974,True,False,good,CTX,872.6962890625,36.99463414940352,interneuron
64,flicker_40Hz,0.03016726570961352,-0.0005337076635356422,0.5323985923777479,693,0.028919887882159576,-0.0006075181774915326,0.5602901416596763,0.8909847143018271,0.747481530149411,True,False,good,CTX,879.1714477539062,5.669662089563702,principal
67,flicker_40Hz,0.03947084091582962,-0.003484689347283115,0.7339059233286395,199,0.05691486754709293,-0.0017948427907438223,0.5254372595408753,0.8909847143018271,0.7388961462293558,False,False,good,CTX,927.9193115234375,1.1939878714886087,principal
66,flicker_40Hz,0.10144333678457577,-0.011702788298055827,0.6253339621752843,46,0.20339244968246337,0.020065566112007473,0.14927920999164537,0.8909847143018271,0.6305361029049693,False,False,good,CTX,939.7611694335938,0.27733117889778486,principal
72,flicker_40Hz,0.05803913476167497,0.0010931268743036946,0.22801350897978157,439,0.03516347502559409,-0.0010438120561429697,0.5813745234495419,0.622274108318073,0.747481530149411,True,False,good,CTX,956.0975341796875,2.0576311860875593,principal
77,flicker_40Hz,0.03172625067759924,-0.0003770924487149067,0.4831543253249556,723,0.04645130968668786,0.0007756711579958512,0.2101787009683231,0.8909847143018271,0.6305361029049693,True,False,good,HPC,1062.6483154296875,3.2547840353667277,principal
79,flicker_40Hz,0.026031280588720306,-0.004637916965118289,0.8800687734401583,189,0.09967987369755231,0.00466977975876615,0.15295452312522645,0.8909847143018271,0.6305361029049693,False,False,good,HPC,1104.9130859375,0.6132144469209223,principal
85,flicker_40Hz,0.017898493112477536,4.328298365075878e-05,0.3147119755933498,3609,0.026157404268383273,0.0004072375723939091,0.08463617911193218,0.6743828048428924,0.6305361029049693,True,False,good,HPC,1198.19384765625,15.414628706696707,interneuron
89,flicker_40Hz,0.023203840399486225,0.00019543207963804976,0.20816356758971566,2915,0.017614875360950407,-3.278058474365185e-05,0.40478776077316364,0.622274108318073,0.6856354258668974,True,False,good,HPC,1203.643798828125,11.821192047740103,principal
87,flicker_40Hz,0.11859961190022157,0.002187143460267314,0.30769332007379735,84,0.1430104665701475,0.008650210338353581,0.17969051962182922,0.6743828048428924,0.6305361029049693,False,False,good,HPC,1216.047607421875,0.39720471271522967,principal
86,flicker_40Hz,0.007524838020763181,-0.00043402616350355424,0.8909847143018271,2039,0.012534206948681565,-0.0003334937021225627,0.7259501904174906,0.8909847143018271,0.8376348350971046,True,False,good,HPC,1216.7545166015625,8.941062258330867,unclassified
90,flicker_40Hz,0.007087784603112039,-0.0001821476374025558,0.8055771390867802,4304,0.01472644762449138,-1.5477343835192866e-05,0.39323685583353124,0.8909847143018271,0.6856354258668974,True,False,good,HPC,1262.096923828125,18.133344628787402,principal
98,flicker_40Hz,0.013231688383828866,-0.0002130532153791307,0.6369226029238659,2577,0.025062108873439824,0.00024015437467063568,0.19818035527661915,0.8909847143018271,0.6305361029049693,True,False,good,HPC,1341.424072265625,10.66241455417147,principal
101,flicker_40Hz,0.016177966272322347,-0.0019748243545114922,0.8894691600492136,448,0.029277914337994707,-0.001378022532312384,0.681350879567368,0.8909847143018271,0.8098984271821779,True,False,good,HPC,1344.91796875,1.4661759614767342,principal
97,flicker_40Hz,0.09536556321733544,-0.01292552956006796,0.660487077886263,46,0.1649264065356718,0.0055829577854979075,0.28761642327607645,0.8909847143018271,0.6856354258668974,False,False,good,HPC,1355.7359619140625,0.11670855602688522,unclassified
103,flicker_40Hz,0.011115941193107501,-0.00013688816601794296,0.622233901699691,3840,0.014016213326124093,-6.397909188509317e-05,0.4703288765742627,0.8909847143018271,0.6856354258668974,True,False,good,HPC,1363.6138916015625,15.607296729697023,principal
105,flicker_40Hz,0.060355532711301264,-0.014808269109489397,0.819774173720193,55,0.12111568302509394,-0.0035778615350939512,0.4482395615104449,0.8909847143018271,0.6856354258668974,False,False,good,HPC,1373.565673828125,0.13609404499406277,principal
109,flicker_40Hz,0.016865836053005012,-0.00042405919689384597,0.6692893292131313,1412,0.019959179790648846,-0.00031006603304280033,0.5698661983581054,0.8909847143018271,0.747481530149411,True,False,good,HPC,1397.14111328125,4.8515153307040455,principal
108,flicker_40Hz,0.14353266635131878,0.01411554436495158,0.04339913297051994,152,0.0883554406531159,0.0012358672300460621,0.3057377646347041,0.24412012295917468,0.6856354258668974,False,False,good,HPC,1402.908203125,0.49769275756549697,principal
117,flicker_40Hz,0.033304549194935376,-0.005779709120183662,0.8509227360733821,146,0.05108257573314299,-0.004269126114788178,0.6839142273982836,0.8909847143018271,0.8098984271821779,False,False,good,HPC,1462.09912109375,1.1967572270553484,principal
128,flicker_40Hz,0.037981116501423134,0.0007975022683243245,0.1070329950012105,1549,0.022007625902602815,-0.00016134635587923232,0.47232662670830705,0.41895783610463,0.6856354258668974,True,False,good,HPC,1481.024169921875,5.488862733277985,principal
138,flicker_40Hz,0.012370446112029867,-0.0008438284658437912,0.8576412055045994,1004,0.007393765325429664,-0.000942286703140303,0.9466177924665907,0.8909847143018271,0.9681318332044678,True,False,good,HPC,1647.69873046875,3.940397349246701,principal
137,flicker_40Hz,0.018015372259112705,-2.0519005224538095e-05,0.39044409553952064,2898,0.035333641366859236,0.0009037124898435665,0.026821262394344594,0.7913252919452056,0.4023189359151689,True,False,good,HPC,1648.5931396484375,13.067797674996765,principal
136,flicker_40Hz,0.04779507904205105,-0.0026548167085688654,0.629486526424612,203,0.06843826249165778,-0.0002435121688413769,0.38690265877916713,0.8909847143018271,0.6856354258668974,True,False,good,HPC,1668.7030029296875,0.6183575358305816,interneuron
142,flicker_40Hz,0.04510377322537796,0.0004116419857665922,0.2857094454420453,616,0.03684031426501124,-0.0002666006615135104,0.43359441398723336,0.6743828048428924,0.6856354258668974,True,False,good,HPC,1676.186279296875,2.6099198105402093,interneuron
143,flicker_40Hz,0.012460325927219552,-0.0011365293479138007,0.8866957490828539,775,0.036188200005219565,1.9288126878261246e-05,0.36254506383679214,0.8909847143018271,0.6856354258668974,True,False,good,HPC,1676.8529052734375,2.2942132759318894,interneuron
158,flicker_40Hz,0.08189137331056043,-0.03844352129446091,0.8596723117513305,23,0.036378952854579184,-0.04407096141598632,0.9706390000653237,0.8909847143018271,0.9706390000653238,False,False,good,HPC,1960.6185302734375,0.09059748925476853,interneuron
170,flicker_40Hz,0.01863494066377582,-3.6335586222119835e-05,0.40445514921643844,2607,0.02288429458442431,0.00014016204029157253,0.2553349236384099,0.7913252919452056,0.6856354258668974,True,False,good,HPC,2025.796142578125,11.272464023301833,principal
174,flicker_40Hz,0.05066166884877842,0.0011314487260692479,0.16759252322270204,696,0.01779418095687689,-0.0011217604580653932,0.8023296756557605,0.580127965001661,0.8806057415733957,True,False,good,HPC,2044.546142578125,3.1926713462269958,principal
175,flicker_40Hz,0.011414267716021866,-0.00016241639955982262,0.6407378085463653,3417,0.031072508308401473,0.0006730433664786572,0.03690420344822764,0.8909847143018271,0.41517228879256096,True,False,good,HPC,2050.2314453125,14.512214414163402,interneuron
15,flicker_20Hz,0.3038889323331491,0.051091596067062275,0.119200291948006,23,0.165690133546678,-0.01675345144734238,0.536812335916716,0.24381877898455775,0.7935410299731681,False,False,good,CTX,422.42724609375,0.5637616689434286,principal
25,flicker_20Hz,0.24215752916250446,0.05846245258496832,1.3419009202077455e-137,5295,0.12854990860893484,0.016339307390030283,6.989335945135624e-39,3.0192770704674275e-136,1.4897771293890428e-37,True,False,good,CTX,480.804443359375,17.962435828097185,interneuron
23,flicker_20Hz,0.5291161171516496,0.27952158279169576,6.099752844102544e-215,1629,0.2302436882409533,0.05243046810991694,9.931847529260286e-39,2.7448887798461448e-213,1.4897771293890428e-37,True,False,good,CTX,502.58251953125,6.988666583779414,principal
20,flicker_20Hz,0.2693610553566581,0.07157395526258052,4.431690295186825e-31,946,0.13606229842280443,0.017474338416172578,2.3048102838257006e-08,2.492825791042589e-30,1.1524051419128503e-07,True,False,good,CTX,511.6981201171875,7.8803990762695815,interneuron
27,flicker_20Hz,0.1900801045171,0.035779948113643746,2.7817035015523087e-44,2751,0.02731287860257802,0.00038262824422736753,0.1284471923146384,2.0862776261642315e-43,0.39815473067585977,True,False,good,CTX,546.5692138671875,13.136635941941435,interneuron
30,flicker_20Hz,0.16345904142162224,0.02629254147180653,2.1051393627343346e-27,2284,0.2156738348164239,0.046097557471651375,2.0955636569103296e-47,9.473127132304506e-27,9.430036456096483e-46,True,False,good,CTX,555.851318359375,6.068844913398031,interneuron
32,flicker_20Hz,0.25874914738812543,0.06673892002806732,8.349351477890973e-131,4398,0.07917504203965746,0.006042685164010633,1.0213659055213508e-12,1.2524027216836458e-129,7.660244291410131e-12,True,False,good,CTX,582.375,21.277750063708364,principal
35,flicker_20Hz,0.22552564315031484,0.05010371812708388,9.392431864461739e-29,1253,0.11985431437331649,0.013577808316608563,1.438230446538513e-08,4.696215932230869e-28,8.090046261779135e-08,True,False,good,CTX,599.0913696289062,8.014119387920724,principal
45,flicker_20Hz,0.3156061879173067,0.0759127202162126,0.019576340154992156,39,0.095845925263615,-0.016887599626423673,0.7015019084365065,0.04894085038748039,0.8768773855456331,False,False,good,CTX,738.1071166992188,0.2599238010497071,principal
50,flicker_20Hz,0.26004591321205217,0.0673759046051461,4.2323274146291666e-113,3761,0.09016274562059559,0.007865525304412804,4.9704686901887306e-14,3.80909467316625e-112,4.473421821169858e-13,True,False,good,CTX,766.4937744140625,8.659379234971063,interneuron
49,flicker_20Hz,0.27724379105065733,0.07659300781701459,1.1135701057264915e-116,3406,0.12434042522106128,0.01517139612869006,1.1091033253874093e-23,1.2527663689423029e-115,1.2477412410608354e-22,True,False,good,CTX,790.2333984375,12.928538652212142,principal
57,flicker_20Hz,0.0659693166626851,0.0031523747779789012,0.026830055650914175,831,0.01618800024636998,-0.0009424522006115055,0.804408568476973,0.063544868646902,0.9120132192154621,True,False,good,CTX,799.13525390625,3.417384769356727,principal
56,flicker_20Hz,0.1791313610857124,0.0276884447268036,0.0007984211874548558,221,0.09214280788056721,0.003983434757952004,0.15318749028349318,0.002763765648882193,0.43083981642232455,True,False,good,CTX,801.6923828125,1.461032872567075,principal
55,flicker_20Hz,0.10469587993749316,0.006361046937634288,0.09360834928683563,216,0.059125432830590276,-0.001139086370235336,0.47047659812693976,0.20058931990036205,0.7561231041325817,True,False,good,CTX,805.0826416015625,0.5582229578099492,principal
58,flicker_20Hz,0.08289755595574304,0.006258962811079644,1.429971772862231e-05,1621,0.029534576700113925,0.00025554572160852655,0.24320361649373934,5.362394148233367e-05,0.49746194282810313,True,False,good,CTX,842.6435546875,1.3597535832691678,principal
65,flicker_20Hz,0.08920711993566174,0.00785905204195866,1.7671489757351993e-35,10036,0.02466596923824326,0.0005088194465375444,0.002228051508857015,1.1360243415440567e-34,0.010026231789856569,True,False,good,CTX,872.6962890625,36.99463414940352,interneuron
64,flicker_20Hz,0.12101056430124424,0.012409188320289026,0.0015201787607396467,442,0.056991411539374745,0.000987812420065004,0.23807565535351105,0.0045605362822189405,0.49746194282810313,True,False,good,CTX,879.1714477539062,5.669662089563702,principal
67,flicker_20Hz,0.13796243630139346,0.018475314896710195,2.5257673817165835e-15,1758,0.11412783532074847,0.012463424128406255,1.060920413090717e-10,1.0332684743386023e-14,6.820202655583181e-10,True,False,good,CTX,927.9193115234375,1.1939878714886087,principal
66,flicker_20Hz,0.24470377100808474,-0.04457784939380314,0.5608811437565512,10,0.4125485870409113,0.07799592963272484,0.18473639227253497,0.8610293266988766,0.48900809719200433,False,False,good,CTX,939.7611694335938,0.27733117889778486,principal
72,flicker_20Hz,0.12593305496194185,0.01246554514008901,0.009799333289292793,291,0.06011342059235393,0.00017780824336604558,0.34969025815405474,0.025939411648127984,0.6556692340388527,True,False,good,CTX,956.0975341796875,2.0576311860875593,principal
77,flicker_20Hz,0.09904402491404395,0.008327398091040784,0.0013962874401789954,669,0.058619902509123405,0.0019444311333081435,0.1003454038105576,0.004488066772003914,0.376295264289591,True,False,good,HPC,1062.6483154296875,3.2547840353667277,principal
79,flicker_20Hz,0.08601334884619577,-0.01516083345254133,0.7190224601073794,45,0.1416903062319885,-0.0021948538726099896,0.40741263789357174,0.9158060413984023,0.7089230326433594,False,False,good,HPC,1104.9130859375,0.6132144469209223,principal
85,flicker_20Hz,0.009199281306912771,-0.00017864741333187145,0.7250884614593778,3799,0.008116226414865065,-0.00019740599644688635,0.7786269640172081,0.9158060413984023,0.9120132192154621,True,False,good,HPC,1198.19384765625,15.414628706696707,interneuron
89,flicker_20Hz,0.016213477227593528,-0.00012163743432730241,0.5047680951950326,2601,0.0241609485065153,0.0001993605679009202,0.2190912045472804,0.8209455093935475,0.49746194282810313,True,False,good,HPC,1203.643798828125,11.821192047740103,principal
87,flicker_20Hz,0.03432181324866659,-0.0046630775396237925,0.8170249541892924,172,0.07055662407207906,-0.0008406035176773446,0.42535381958601565,0.9555849292746132,0.7089230326433594,False,False,good,HPC,1216.047607421875,0.39720471271522967,principal
86,flicker_20Hz,0.023280965341056704,8.959082329996341e-06,0.3617995122585689,1876,0.006519801292974001,-0.0004908028536020546,0.9233709326295835,0.6783740854848167,0.9497970170062313,True,False,good,HPC,1216.7545166015625,8.941062258330867,unclassified
90,flicker_20Hz,0.01401926165854586,-4.1338832242908855e-05,0.4377115193149964,4204,0.007193576577523492,-0.00018616543543230454,0.804508604110434,0.7878807347669935,0.9120132192154621,True,False,good,HPC,1262.096923828125,18.133344628787402,principal
98,flicker_20Hz,0.012051210527684477,-0.00018056003818491377,0.6403087350953568,3070,0.025648105098258874,0.000332200604774582,0.1327182435586199,0.873148275130032,0.39815473067585977,True,False,good,HPC,1341.424072265625,10.66241455417147,principal
101,flicker_20Hz,0.017933775099554017,-0.002447571898242823,0.8902301265749868,362,0.057403378421258,0.0005341925850721382,0.30355926328157873,0.9555849292746132,0.5939202977248279,True,False,good,HPC,1344.91796875,1.4661759614767342,principal
97,flicker_20Hz,0.1490353326623397,-0.026677893099137033,0.6325258901264728,21,0.1518339975962077,-0.025793759032652533,0.6215772241136567,0.873148275130032,0.8085179674126515,False,False,good,HPC,1355.7359619140625,0.11670855602688522,unclassified
103,flicker_20Hz,0.011998701332314237,-0.00011539719258080974,0.5740195511325844,3856,0.011571107561517737,-0.00012547811038858076,0.5967647937039539,0.8610293266988766,0.8085179674126515,True,False,good,HPC,1363.6138916015625,15.607296729697023,principal
105,flicker_20Hz,0.14931097437331303,-0.026591544578276453,0.631448349982403,21,0.14997613726822104,-0.026382516162608904,0.6288473079876178,0.873148275130032,0.8085179674126515,False,False,good,HPC,1373.565673828125,0.13609404499406277,principal
109,flicker_20Hz,0.02273634815084669,-0.00019443431509285944,0.483523547379908,1406,0.03397228971657161,0.00044319413155364265,0.1973890025264248,0.8209455093935475,0.49347250631606204,True,False,good,HPC,1397.14111328125,4.8515153307040455,principal
108,flicker_20Hz,0.012808578917798396,-0.008606431010546062,0.9813894023004357,115,0.03625460321146938,-0.007446003778838378,0.8602344803093624,0.9966557875416778,0.9441597954614954,False,False,good,HPC,1402.908203125,0.49769275756549697,principal
117,flicker_20Hz,0.00439397878438652,-0.00576092816980908,0.9966557875416777,174,0.03477544155776222,-0.004564025130731235,0.8106784170804108,0.9966557875416778,0.9120132192154621,False,False,good,HPC,1462.09912109375,1.1967572270553484,principal
128,flicker_20Hz,0.01245317066059561,-0.0005075062930100079,0.7912790758666136,1510,0.024162381638962945,-7.848294462226019e-05,0.41420013577635206,0.9555849292746132,0.7089230326433594,True,False,good,HPC,1481.024169921875,5.488862733277985,principal
138,flicker_20Hz,0.009804638555138119,-0.0009619683951446896,0.9131144879735194,946,0.02387745913670631,-0.0004874646879740473,0.5832509561386935,0.9555849292746132,0.8085179674126515,True,False,good,HPC,1647.69873046875,3.940397349246701,principal
137,flicker_20Hz,0.007359519118934045,-0.0002782662806912151,0.8496335359290104,3009,0.014730742084880868,-0.0001153799069231441,0.5205526893049692,0.9555849292746132,0.7935410299731681,True,False,good,HPC,1648.5931396484375,13.067797674996765,principal
136,flicker_20Hz,0.034220545159641326,-0.0077470699522713855,0.8765307654146032,113,0.026793693586227876,-0.008204259573150253,0.9223966598336389,0.9555849292746132,0.9497970170062313,False,False,good,HPC,1668.7030029296875,0.6183575358305816,interneuron
142,flicker_20Hz,0.06975206199990838,0.003447779426961625,0.03264473303595291,703,0.008562603014662816,-0.001351078812276554,0.9497970170062313,0.07345064933089404,0.9497970170062313,True,False,good,HPC,1676.186279296875,2.6099198105402093,interneuron
143,flicker_20Hz,0.05047507117784901,-0.0012448613614146164,0.5108105391782073,264,0.016704804118939865,-0.003522169859725598,0.9291034627112393,0.8209455093935475,0.9497970170062313,True,False,good,HPC,1676.8529052734375,2.2942132759318894,interneuron
158,flicker_20Hz,0.07830479747119887,-0.049083267509272,0.8925438318001592,19,0.27757732357252485,0.02577412448177984,0.23375488422826562,0.9555849292746132,0.49746194282810313,False,False,good,HPC,1960.6185302734375,0.09059748925476853,interneuron
170,flicker_20Hz,0.02292995841154326,0.000112264491717766,0.28048150492765583,2418,0.038046910781112275,0.0010344302943839261,0.03017440534488903,0.5487681618149788,0.12344074913818238,True,False,good,HPC,2025.796142578125,11.272464023301833,principal
174,flicker_20Hz,0.020131897910976613,-0.000897959237592631,0.7326448331187217,768,0.02804850181562168,-0.0005160368021518692,0.5466615984259603,0.9158060413984023,0.7935410299731681,True,False,good,HPC,2044.546142578125,3.1926713462269958,principal
175,flicker_20Hz,0.03883504669865952,0.0011962296308599763,0.007984937034378982,3202,0.025546806961024623,0.0003404408577270063,0.12371610279476154,0.022457635409190886,0.39815473067585977,True,False,good,HPC,2050.2314453125,14.512214414163402,interneuron
15,phase_reversing_1,0.0652967789707372,-0.004871526350138863,0.6266446486294258,110,0.10127537510438019,0.0011764878557671567,0.3243278049034137,0.9570933866315744,0.7899469224115264,False,False,good,CTX,422.42724609375,0.5637616689434286,principal
25,phase_reversing_1,0.01372937684648222,-4.629864142724537e-06,0.3768217782700238,5178,0.008271804133582063,-0.00012472610266817463,0.7016891233346965,0.9570933866315744,0.9156648908147278,True,False,good,CTX,480.804443359375,17.962435828097185,interneuron
23,phase_reversing_1,0.031017124376808695,-1.9311215428347574e-05,0.3752750927353732,1019,0.045000723643547055,0.0010447361157989294,0.12699931940788867,0.9570933866315744,0.7899469224115264,True,False,good,CTX,502.58251953125,6.988666583779414,principal
20,phase_reversing_1,0.0047595265987979175,-0.00046019449076902674,0.9541578581803317,2072,0.01922707174913719,-0.00011299973112878572,0.4649322816636101,0.9921697752355652,0.8142452218314026,True,False,good,CTX,511.6981201171875,7.8803990762695815,interneuron
27,phase_reversing_1,0.006371755697661145,-0.00036066854663643726,0.903757042576603,2493,0.022001545679457876,8.297815193707134e-05,0.29918727683663127,0.9919284613645643,0.7899469224115264,True,False,good,CTX,546.5692138671875,13.136635941941435,interneuron
30,phase_reversing_1,0.01682497509290689,-0.00039286133564714874,0.657805347238308,1480,0.028139959394855748,0.00011626019325308504,0.30981346398108417,0.9570933866315744,0.7899469224115264,True,False,good,CTX,555.851318359375,6.068844913398031,interneuron
32,phase_reversing_1,0.014507630798028023,1.3584874678581228e-05,0.34337401428527536,5079,0.007828570869957115,-0.00013562933348619242,0.7325319126517823,0.9570933866315744,0.9156648908147278,True,False,good,CTX,582.375,21.277750063708364,principal
35,phase_reversing_1,0.029949852647184298,0.0004509655457637613,0.13396655469385613,2241,0.022001944527782386,3.787310120138281e-05,0.3379947249947423,0.8612135658890752,0.7899469224115264,True,False,good,CTX,599.0913696289062,8.014119387920724,principal
45,phase_reversing_1,0.06072756885378905,-0.009960274194548152,0.7623759588266267,74,0.11467404887186791,-0.0003683537826657711,0.3791835501290832,0.9570933866315744,0.7899469224115264,False,False,good,CTX,738.1071166992188,0.2599238010497071,principal
50,phase_reversing_1,0.03750546800273266,0.0008609807094100714,0.07609313702035143,1831,0.02493548257556886,7.566997340287863e-05,0.32034968088468885,0.8257437271096836,0.7899469224115264,True,False,good,CTX,766.4937744140625,8.659379234971063,interneuron
49,phase_reversing_1,0.020647134671645605,0.00012685129542472888,0.24090125213375832,3339,0.02821683789550117,0.0004968478766930163,0.07004556547138624,0.9570933866315744,0.7899469224115264,True,False,good,CTX,790.2333984375,12.928538652212142,principal
57,phase_reversing_1,0.026637790923077675,-0.0005585631557723326,0.5714394032590906,789,0.015917518211928158,-0.001015346614752089,0.8189003263861793,0.9570933866315744,0.9330399571093128,True,False,good,CTX,799.13525390625,3.417384769356727,principal
56,phase_reversing_1,0.039221037793882654,-0.0025040652963723297,0.683263828363406,248,0.0405414729468069,-0.002398317671592002,0.6656694846545924,0.9570933866315744,0.9156648908147278,True,False,good,CTX,801.6923828125,1.461032872567075,principal
55,phase_reversing_1,0.05198690905042547,-0.003731537811817518,0.6566874077890545,156,0.08304526240452938,0.0004893963536941533,0.34154948392636136,0.9570933866315744,0.7899469224115264,False,False,good,CTX,805.0826416015625,0.5582229578099492,principal
58,phase_reversing_1,0.07105944163331589,-0.010257487381757703,0.7180831654632323,66,0.1177783960284112,-0.001299453266343574,0.40180951698974837,0.9570933866315744,0.7899469224115264,False,False,good,CTX,842.6435546875,1.3597535832691678,principal
65,phase_reversing_1,0.0044899942743473805,-8.767774284859523e-05,0.8294809350806979,9274,0.01629236182495612,0.00015762971349816195,0.0852871931874448,0.9570933866315744,0.7899469224115264,True,False,good,CTX,872.6962890625,36.99463414940352,interneuron
64,phase_reversing_1,0.0429155271128865,0.0010078592112928335,0.11008499154193473,1198,0.039747786082849776,0.0007457844821959961,0.15067024614088417,0.8257437271096836,0.7899469224115264,True,False,good,CTX,879.1714477539062,5.669662089563702,principal
67,phase_reversing_1,0.04475774114922467,-0.006600164819350199,0.7917579759307649,117,0.10827334749214537,0.003203489482130336,0.2541679093175237,0.9570933866315744,0.7899469224115264,False,False,good,CTX,927.9193115234375,1.1939878714886087,principal
66,phase_reversing_1,0.14787846131724433,0.00828287320102178,0.2030808363630213,73,0.11221894369975874,-0.0011208935176174686,0.40015823047957944,0.9570933866315744,0.7899469224115264,False,False,good,CTX,939.7611694335938,0.27733117889778486,principal
72,phase_reversing_1,0.041535618633295,-0.00024377619615923953,0.41647830017741105,508,0.056594404093470004,0.0012368573963413153,0.1965599289780207,0.9570933866315744,0.7899469224115264,True,False,good,CTX,956.0975341796875,2.0576311860875593,principal
77,phase_reversing_1,0.050312908036220495,0.001435269362000808,0.09963029740600483,911,0.009186356781738873,-0.0010144192126490161,0.9260398928906685,0.8257437271096836,0.9506073417686207,True,False,good,HPC,1062.6483154296875,3.2547840353667277,principal
79,phase_reversing_1,0.014389182696802469,-0.007543284378072444,0.9735417534840036,130,0.12826408347834534,0.008827269491241801,0.11773831229459544,0.9921697752355652,0.7899469224115264,False,False,good,HPC,1104.9130859375,0.6132144469209223,principal
85,phase_reversing_1,0.007715878155319173,-0.00020941101913473539,0.8014093917770503,3719,0.011421840928985322,-0.00013846826887574027,0.6156198858691839,0.9570933866315744,0.9156648908147278,True,False,good,HPC,1198.19384765625,15.414628706696707,interneuron
89,phase_reversing_1,0.01935353487898114,5.9815785647050355e-05,0.30425196691395034,3177,0.019644564021321972,7.116894246929994e-05,0.29347644795661515,0.9570933866315744,0.7899469224115264,True,False,good,HPC,1203.643798828125,11.821192047740103,principal
87,phase_reversing_1,0.074621005790041,-0.002516516108662202,0.5022547421616539,124,0.037050788405879255,-0.0067461597214174196,0.8440053147424308,0.9570933866315744,0.9330399571093128,False,False,good,HPC,1216.047607421875,0.39720471271522967,principal
86,phase_reversing_1,0.015438453715543173,-0.00015980693625848444,0.5495578172821801,2512,0.020792261902027414,3.4242614642087445e-05,0.3376030718690772,0.9570933866315744,0.7899469224115264,True,False,good,HPC,1216.7545166015625,8.941062258330867,unclassified
90,phase_reversing_1,0.019161873175563306,0.00011943690711151424,0.22721004947527482,4036,0.015046727248406205,-2.137136367194932e-05,0.4010356044996335,0.9570933866315744,0.7899469224115264,True,False,good,HPC,1262.096923828125,18.133344628787402,principal
98,phase_reversing_1,0.014215912207257642,-0.00019639245862495546,0.6021938289409022,2510,0.009831092370495577,-0.00030187626673375327,0.7846245234966768,0.9570933866315744,0.9330399571093128,True,False,good,HPC,1341.424072265625,10.66241455417147,principal
101,phase_reversing_1,0.04045988629754026,-0.00046924865058081087,0.45974836160869514,475,0.032956325933660095,-0.001021293831125153,0.5971995578191369,0.9570933866315744,0.9156648908147278,True,False,good,HPC,1344.91796875,1.4661759614767342,principal
97,phase_reversing_1,0.1773972887624568,-0.025502566759713605,0.573892062890759,18,0.1367760545262558,-0.03901538802047957,0.7195703508841211,0.9570933866315744,0.9156648908147278,False,False,good,HPC,1355.7359619140625,0.11670855602688522,unclassified
103,phase_reversing_1,0.008650866996885406,-0.00021208507193826834,0.7703957077563317,3486,0.01574747453786689,-3.8889934358051535e-05,0.42130502528614744,0.9570933866315744,0.7899469224115264,True,False,good,HPC,1363.6138916015625,15.607296729697023,principal
105,phase_reversing_1,0.092581211075628,-0.03453431584949915,0.8171532457875534,24,0.15589130251148925,-0.018119549705674448,0.562863742323974,0.9570933866315744,0.9156648908147278,False,False,good,HPC,1373.565673828125,0.13609404499406277,principal
109,phase_reversing_1,0.020201858423519493,-0.00041055148864904434,0.6074025733724914,1222,0.01679375116977863,-0.0005367397577832244,0.7085574957528897,0.9570933866315744,0.9156648908147278,True,False,good,HPC,1397.14111328125,4.8515153307040455,principal
108,phase_reversing_1,0.06456398945776219,-0.005052153221458139,0.6358702577077358,109,0.038680309401318856,-0.007749239531883228,0.8501030720329293,0.9570933866315744,0.9330399571093128,False,False,good,HPC,1402.908203125,0.49769275756549697,principal
117,phase_reversing_1,0.12368171423922605,0.009733873592165739,0.06550206272749802,178,0.09318085157105693,0.003082008224363316,0.21341270451060573,0.8257437271096836,0.7899469224115264,False,False,good,HPC,1462.09912109375,1.1967572270553484,principal
128,phase_reversing_1,0.013588810715454761,-0.0004739841075446404,0.7554718452995639,1519,0.03295374438663818,0.00042790312237333904,0.19215330181862725,0.9570933866315744,0.7899469224115264,True,False,good,HPC,1481.024169921875,5.488862733277985,principal
138,phase_reversing_1,0.047255214295963445,0.0012221465195740005,0.11009916361462448,988,0.00716203278089602,-0.000961824542054738,0.9506073417686206,0.8257437271096836,0.9506073417686207,True,False,good,HPC,1647.69873046875,3.940397349246701,principal
137,phase_reversing_1,0.008690852180648662,-0.0002684403539703903,0.8028316185162367,2908,0.0128512702407995,-0.0001787852883039604,0.6186544354731871,0.9570933866315744,0.9156648908147278,True,False,good,HPC,1648.5931396484375,13.067797674996765,principal
136,phase_reversing_1,0.1438040262104955,0.01368445222545137,0.05390185140052572,141,0.09789217546793504,0.0025084700036867315,0.2593363295918035,0.8257437271096836,0.7899469224115264,False,False,good,HPC,1668.7030029296875,0.6183575358305816,interneuron
142,phase_reversing_1,0.007644309275420278,-0.0012624913052336941,0.9566998918981939,758,0.03456940091790521,-0.00012438182601620597,0.404333160267923,0.9921697752355652,0.7899469224115264,True,False,good,HPC,1676.186279296875,2.6099198105402093,interneuron
143,phase_reversing_1,0.027453753726284273,-0.0008684444768013643,0.6282927245743828,617,0.024348461489713008,-0.0010295666315629948,0.6938185072626268,0.9570933866315744,0.9156648908147278,True,False,good,HPC,1676.8529052734375,2.2942132759318894,interneuron
158,phase_reversing_1,0.025057167457904338,-0.08265314988890209,0.9921697752355653,13,0.0657922526528197,-0.07864399444843984,0.9472024749963582,0.9921697752355652,0.9506073417686207,False,False,good,HPC,1960.6185302734375,0.09059748925476853,interneuron
170,phase_reversing_1,0.016578867957513357,-0.00012712149154458146,0.5047164879670086,2488,0.009122832878547631,-0.0003188313283602673,0.8129959202372692,0.9570933866315744,0.9330399571093128,True,False,good,HPC,2025.796142578125,11.272464023301833,principal
174,phase_reversing_1,0.046309279073428807,0.0006326471303132881,0.24238334578822773,661,0.0337834832540324,-0.0003720984959809132,0.47045279483592145,0.9570933866315744,0.8142452218314026,True,False,good,HPC,2044.546142578125,3.1926713462269958,principal
175,phase_reversing_1,0.006670097852196195,-0.0002389438960578426,0.8547165048013714,3529,0.0058368566246987845,-0.00024936816004450773,0.8867314337767989,0.9615560679015429,0.9500693933322845,True,False,good,HPC,2050.2314453125,14.512214414163402,interneuron
