unit,region,depth_um,fr_pre,fr_stim,pct_change,log2_ratio,mod_index,p_raw,z_pct,z_log2,p_fdr,responder_z2sd,responder_wilcoxon,condition
15,CTX,422.42724609375,0.475,0.6208333333333333,30.70175438596492,0.38627850629741994,0.1330798479087453,0.07739057288927044,0.05679708557598376,0.401925145976052,0.23622918625019873,False,False,flicker_40Hz
25,CTX,480.804443359375,23.241666666666667,20.083333333333332,-13.589100035855152,-0.21071478791098822,-0.07289863435276019,0.006027054851211096,-0.40228502593613746,-0.55188925381134,0.03013527425605548,False,True,flicker_40Hz
23,CTX,502.58251953125,4.025,4.7875,18.94409937888197,0.25028370381033993,0.08652482269503538,0.044998044926736654,-0.06507297445210847,0.18464665697658172,0.1574931572435783,False,False,flicker_40Hz
20,CTX,511.6981201171875,9.608333333333333,7.1625,-25.455333911535124,-0.42382296817371085,-0.14583850931677017,0.00015586852722649082,-0.5252805240916223,-0.8923715557383578,0.0018184661509757262,False,True,flicker_40Hz
27,CTX,546.5692138671875,9.841666666666667,9.8875,0.46570702794241325,0.006703135796790713,0.002323125659978839,0.6058767695361778,-0.2566046007564212,-0.20452128767810263,0.8079189559041076,False,False,flicker_40Hz
32,CTX,582.375,20.408333333333335,21.045833333333334,3.1237239689669214,0.04437626786722435,0.0153784299929641,0.3991641910936632,-0.22905381074232384,-0.14433103729762237,0.6985373344139105,False,False,flicker_40Hz
35,CTX,599.0913696289062,9.825,8.916666666666666,-9.245122985581,-0.13995292169125334,-0.04846598488216985,0.023287767557484938,-0.3572589774971716,-0.43883323189118373,0.1018839830639966,False,False,flicker_40Hz
45,CTX,738.1071166992188,0.26666666666666666,0.25416666666666665,-4.687500000000004,-0.06926266243711372,-0.024000000000000025,0.949549174230631,-0.3100184532171543,-0.32589161620569096,0.9756625089156761,False,False,flicker_40Hz
56,CTX,801.6923828125,0.6,1.2375,106.25000000000001,1.0443941193584534,0.34693877551020413,0.0020960852288372466,0.8398672830305836,1.4533944916993666,0.012227163834883939,False,True,flicker_40Hz
55,CTX,805.0826416015625,0.5666666666666667,0.6708333333333333,18.382352941176464,0.24345403686427758,0.08417508417508415,0.1771799500615555,-0.07089557020291895,0.1737349185331141,0.41341988347696285,False,False,flicker_40Hz
58,CTX,842.6435546875,0.20833333333333334,0.9083333333333333,336.0,2.1243281350022016,0.626865671641791,5.065831018465879e-05,3.221264447225898,3.178801837031525,0.0008865204282315288,True,True,flicker_40Hz
65,CTX,872.6962890625,34.4,41.24166666666667,19.888565891472876,0.2616940714437489,0.09044838603062688,0.0012614854328120292,-0.05528342113432207,0.2028769672014971,0.008830398029684204,False,True,flicker_40Hz
64,CTX,879.1714477539062,5.058333333333334,2.8833333333333333,-42.99835255354201,-0.8109244786189577,-0.27387198321091294,0.00034403181852222256,-0.707116845508383,-1.5108424806617315,0.0030102784120694475,False,True,flicker_40Hz
67,CTX,927.9193115234375,0.15,0.8291666666666667,452.7777777777778,2.4666996191013366,0.6936170212765957,9.15525418234606e-09,4.431685639134629,3.725807732706351,3.204338963821121e-07,True,True,flicker_40Hz
66,CTX,939.7611694335938,0.16666666666666666,0.19166666666666668,15.000000000000014,0.20163386116965068,0.06976744186046517,0.2756536588056233,-0.10595422396755565,0.10691894896336405,0.5675222387174598,False,False,flicker_40Hz
72,CTX,956.0975341796875,2.475,1.8333333333333333,-25.92592592592593,-0.43295940727610627,-0.14893617021276598,0.0336736628249977,-0.5301582890037583,-0.9069688171534971,0.13095313320832438,False,False,flicker_40Hz
77,CTX,1062.6483154296875,2.7416666666666667,3.0125,9.878419452887544,0.1359080632158764,0.047067342505430876,0.7098248757887902,-0.15904026266653942,0.0019090382424210228,0.8079189559041076,False,False,flicker_40Hz
79,HPC,1104.9130859375,0.825,0.7875,-4.545454545454543,-0.06711419585853691,-0.02325581395348836,0.7931743191199898,-0.30854612833079353,-0.3224590175819062,0.8675344115374889,False,False,flicker_40Hz
85,HPC,1198.19384765625,14.666666666666666,15.041666666666666,2.556818181818182,0.036423408249873813,0.012622720897615708,0.5707500980194788,-0.23492988401275658,-0.15703729731110336,0.8079189559041076,False,False,flicker_40Hz
87,HPC,1216.047607421875,0.43333333333333335,0.35,-19.23076923076924,-0.30812229536233204,-0.1063829787234043,0.7155853609436381,-0.4607618704283963,-0.7075169369960951,0.8079189559041076,False,False,flicker_40Hz
86,HPC,1216.7545166015625,7.925,8.495833333333334,7.202944269190331,0.10034452915603308,0.03476275057092111,0.3348015198142975,-0.18677201028495719,-0.05491071370904098,0.6167396417631796,False,False,flicker_40Hz
90,HPC,1262.096923828125,17.341666666666665,17.933333333333334,3.4118212397885745,0.04840111282128972,0.016772974249940995,0.1541708151315737,-0.22606763436039962,-0.13790055455796363,0.3854270378289343,False,False,flicker_40Hz
98,HPC,1341.424072265625,9.508333333333333,10.75,13.058720420683617,0.17707227402193482,0.06129164952694367,0.080992863857211,-0.12607591138907617,0.06767697467253395,0.23622918625019873,False,False,flicker_40Hz
101,HPC,1344.91796875,2.4,1.8666666666666667,-22.222222222222218,-0.36257007938470825,-0.12499999999999997,0.5829111910413615,-0.49176878085568554,-0.7945079986057867,0.8079189559041076,False,False,flicker_40Hz
97,HPC,1355.7359619140625,0.14166666666666666,0.19166666666666668,35.29411764705884,0.43609911480667357,0.15000000000000002,0.644659259961353,0.10439769862026582,0.481523383114219,0.8079189559041076,False,False,flicker_40Hz
105,HPC,1373.565673828125,0.19166666666666668,0.22916666666666666,19.565217391304333,0.2577977574676467,0.08910891089108905,0.71020744240607,-0.058634982402431646,0.19665183802072983,0.8079189559041076,False,False,flicker_40Hz
117,HPC,1462.09912109375,0.6166666666666667,0.6083333333333333,-1.3513513513513644,-0.019628806748932675,-0.00680272108843544,0.9276178858918661,-0.2754387146699252,-0.24659175349093537,0.9756625089156761,False,False,flicker_40Hz
128,HPC,1481.024169921875,6.466666666666667,6.454166666666667,-0.1932989690721677,-0.0027914133975592064,-0.0009674298613350669,0.32308726803082,-0.2634353081012666,-0.21969070051559308,0.6167396417631796,False,False,flicker_40Hz
137,HPC,1648.5931396484375,13.675,12.070833333333333,-11.730652041438157,-0.18001555424330962,-0.062307816798834806,0.09613526888171967,-0.3830219017415385,-0.5028411800411048,0.25882572391232217,False,False,flicker_40Hz
136,HPC,1668.7030029296875,0.8416666666666667,0.8458333333333333,0.49504950495049327,0.007124434433381497,0.002469135802469127,0.4635890785985064,-0.2563004610761709,-0.2038481801070638,0.7375280795885328,False,False,flicker_40Hz
143,HPC,1676.8529052734375,4.083333333333333,3.2291666666666665,-20.918367346938776,-0.3385854388409706,-0.11680911680911679,0.5582080006094066,-0.4782541070688642,-0.7561878101777483,0.8079189559041076,False,False,flicker_40Hz
158,HPC,1960.6185302734375,0.11666666666666667,0.09583333333333334,-17.857142857142854,-0.2837929660005911,-0.09803921568627448,0.975662508915676,-0.4465240033954571,-0.6686460402749375,0.9756625089156761,False,False,flicker_40Hz
170,HPC,2025.796142578125,10.141666666666667,10.866666666666667,7.148726376335247,0.09961470151734926,0.03451011503371676,0.27256275650203377,-0.1873339878096307,-0.05607675714351956,0.5675222387174598,False,False,flicker_40Hz
174,HPC,2044.546142578125,2.816666666666667,2.9,2.958579881656794,0.04206405956654388,0.014577259475218606,0.4501572925520153,-0.23076555681938132,-0.14802524558085153,0.7375280795885328,False,False,flicker_40Hz
175,HPC,2050.2314453125,14.3,14.245833333333334,-0.37878787878788206,-0.005475130066151082,-0.001897533206831136,0.6639910104169989,-0.2653579316642119,-0.2239784666065783,0.8079189559041076,False,False,flicker_40Hz
15,CTX,422.42724609375,0.36666666666666664,0.09583333333333334,-73.86363636363636,-1.935869662580284,-0.5855855855855856,0.12086061800142132,-0.38600163524073816,-1.3903075750147855,0.21150608150248731,False,False,flicker_20Hz
25,CTX,480.804443359375,20.275,22.0625,8.81627620221949,0.12189436394126983,0.042220253912016566,0.274238580172234,-0.18402716457927665,0.19481150011530735,0.38393401224112766,False,False,flicker_20Hz
23,CTX,502.58251953125,4.225,6.7875,60.6508875739645,0.6839289515221774,0.2326901248581158,1.2683676815515447e-05,-0.05740308058049596,0.6277531465699475,7.398811475717343e-05,False,True,flicker_20Hz
20,CTX,511.6981201171875,9.041666666666666,3.9458333333333333,-56.3594470046083,-1.1962587118634567,-0.3923644529996792,2.8859485721104963e-09,-0.34324155881550394,-0.8205768327886598,2.5252050005966844e-08,False,True,flicker_20Hz
27,CTX,546.5692138671875,9.616666666666667,11.4625,19.194107452339686,0.25331291567072817,0.08756671278908876,0.001441908102283166,-0.158675698808344,0.29604470785315934,0.0045878894163555286,False,True,flicker_20Hz
32,CTX,582.375,21.208333333333332,18.333333333333332,-13.555992141453832,-0.21016213255103572,-0.07270811380400422,8.291882934089501e-05,-0.2386792186995617,-0.06097540247748572,0.00036276987836641566,False,True,flicker_20Hz
35,CTX,599.0913696289062,9.375,5.220833333333333,-44.31111111111111,-0.8445385867825389,-0.284613188695404,2.399789260423464e-10,-0.31380930388293743,-0.549642813053008,2.799754137160708e-09,False,True,flicker_20Hz
45,CTX,738.1071166992188,0.4,0.16666666666666666,-58.333333333333336,-1.263034405833794,-0.41176470588235303,0.009170157641390675,-0.3480634633630273,-0.87201491067476,0.022925394103476687,False,True,flicker_20Hz
56,CTX,801.6923828125,1.1333333333333333,0.925,-18.382352941176464,-0.2930469749002333,-0.10121457489878538,0.030570277409547094,-0.2504692852041527,-0.12482254090227024,0.07133064728894321,False,False,flicker_20Hz
55,CTX,805.0826416015625,0.7,0.9,28.571428571428584,0.36257007938470837,0.12500000000000003,0.08235077816211031,-0.13576832735047095,0.3802067459029714,0.16954571974552124,False,False,flicker_20Hz
58,CTX,842.6435546875,0.38333333333333336,6.754166666666666,1661.95652173913,4.1391064194605285,0.8925861062463513,2.8803752532383463e-11,3.854343410081476,3.289315717302063,1.0081313386334212e-09,True,True,flicker_20Hz
65,CTX,872.6962890625,35.483333333333334,41.81666666666667,17.84875528417098,0.23693652095687873,0.0819318671841311,0.0005549878612119923,-0.16196218985056285,0.2834297844177144,0.0021582861269355256,False,True,flicker_20Hz
64,CTX,879.1714477539062,4.316666666666666,1.8416666666666666,-57.33590733590733,-1.2289057282951223,-0.40189445196211093,0.0008584519899990506,-0.34562690312001015,-0.8457252015155619,0.0030045819649966773,False,True,flicker_20Hz
67,CTX,927.9193115234375,0.39166666666666666,7.325,1770.212765957447,4.225130503465767,0.898488120950324,2.1308841524249964e-10,4.118796974958878,3.355581049342004,2.799754137160708e-09,True,True,flicker_20Hz
66,CTX,939.7611694335938,0.2,0.041666666666666664,-79.16666666666667,-2.263034405833794,-0.6551724137931035,0.24296637714008051,-0.3989561329550785,-1.6423263043526737,0.3656623943776884,False,False,flicker_20Hz
72,CTX,956.0975341796875,2.466666666666667,1.2125,-50.8445945945946,-1.024578022720666,-0.34088335220838056,8.892496166585398e-07,-0.3297696118610197,-0.688329241867492,6.224747316609779e-06,False,True,flicker_20Hz
77,CTX,1062.6483154296875,2.675,2.7875,4.2056074766355245,0.059432913519157866,0.020594965675057256,0.9941227594484031,-0.19529032810165498,0.14669673318950635,0.9941227594484031,False,False,flicker_20Hz
79,HPC,1104.9130859375,0.49166666666666664,0.1875,-61.86440677966102,-1.3907899530321663,-0.4478527607361963,0.09437144718027478,-0.3566893395650699,-0.9704264642872228,0.18350003618386762,False,False,flicker_20Hz
85,HPC,1198.19384765625,13.041666666666666,15.833333333333334,21.405750798722057,0.2798367613983295,0.09668109668109673,0.007693056395038408,-0.15327298997236496,0.3164763284212859,0.02071207490971879,False,True,flicker_20Hz
87,HPC,1216.047607421875,0.4666666666666667,0.7166666666666667,53.57142857142857,0.618909832644494,0.2112676056338028,0.1078249632330012,-0.07469712384000957,0.5776681784915693,0.19862493227131797,False,False,flicker_20Hz
86,HPC,1216.7545166015625,8.208333333333334,7.8125,-4.822335025380718,-0.07130503407313318,-0.024707412223667135,0.593459057968416,-0.21734422065451012,0.045987802573098646,0.6700344202869213,False,False,flicker_20Hz
90,HPC,1262.096923828125,16.3,17.516666666666666,7.464212678936595,0.10385629900994459,0.035978314440611094,0.0031376083786042947,-0.1873300504428559,0.18091657317880547,0.009151357770929193,False,True,flicker_20Hz
98,HPC,1341.424072265625,11.216666666666667,12.791666666666666,14.041604754829118,0.1895602456472246,0.06560222145088508,0.08097948452802121,-0.17126248044145873,0.24693529975666614,0.16954571974552124,False,False,flicker_20Hz
101,HPC,1344.91796875,1.3916666666666666,1.5083333333333333,8.383233532934135,0.11614159460915313,0.04022988505747128,0.5554980256604506,-0.1850850220586622,0.19038007635357695,0.6480810299371923,False,False,flicker_20Hz
97,HPC,1355.7359619140625,0.13333333333333333,0.0875,-34.37500000000001,-0.6076825772212398,-0.2075471698113208,0.8175033683754723,-0.2895368933321685,-0.3671899302268545,0.8941443091606729,False,False,flicker_20Hz
105,HPC,1373.565673828125,0.14166666666666666,0.0875,-38.235294117647065,-0.6951454184715791,-0.2363636363636364,0.9816475184451298,-0.29896700563893086,-0.4345635533654334,0.9941227594484031,False,False,flicker_20Hz
117,HPC,1462.09912109375,0.8416666666666667,0.725,-13.861386138613865,-0.21526798690306645,-0.074468085106383,0.33126280033475597,-0.23942524985761907,-0.06490850025931495,0.4294147411746837,False,False,flicker_20Hz
128,HPC,1481.024169921875,6.325,6.291666666666667,-0.5270092226613947,-0.007623241203024957,-0.0026420079260237686,0.9382390044370824,-0.20685139200484579,0.09504261319077992,0.9941227594484031,False,False,flicker_20Hz
137,HPC,1648.5931396484375,13.583333333333334,12.545833333333333,-7.6380368098159614,-0.11462925639376259,-0.03970658587147191,0.250739927573272,-0.22422255252259066,0.012614660497282841,0.3656623943776884,False,False,flicker_20Hz
136,HPC,1668.7030029296875,1.2166666666666666,0.4708333333333333,-61.3013698630137,-1.3696455964648293,-0.44197530864197526,0.158380060919873,-0.35531392588025107,-0.9541387255114147,0.2639667681997883,False,False,flicker_20Hz
143,HPC,1676.8529052734375,2.6416666666666666,1.0958333333333334,-58.5173501577287,-1.2694200408471048,-0.4136008918617614,1.698343779520168e-05,-0.34851298852030727,-0.876933838081382,8.491718897600839e-05,False,True,flicker_20Hz
158,HPC,1960.6185302734375,0.075,0.07916666666666666,5.5555555555555545,0.07800251200127316,0.027027027027027018,0.20409284946859507,-0.1919926099474037,0.16100110647630386,0.32469316960912853,False,False,flicker_20Hz
170,HPC,2025.796142578125,10.616666666666667,10.079166666666667,-5.062794348508631,-0.0749545082763753,-0.02597141131467685,0.30586065038689125,-0.2179316262648594,0.04317657101340762,0.41173549090543055,False,False,flicker_20Hz
174,HPC,2044.546142578125,3.308333333333333,3.2,-3.2745591939546483,-0.048032696421801475,-0.016645326504481375,0.535970486833623,-0.2135632393429263,0.06391474942343896,0.6468609323854071,False,False,flicker_20Hz
175,HPC,2050.2314453125,12.716666666666667,13.35,4.9803407601572705,0.07011918557417968,0.024296675191815838,0.41586598566013855,-0.19339777234068356,0.15492849030943157,0.5198324820751732,False,False,flicker_20Hz
15,CTX,422.42724609375,0.2833333333333333,0.4583333333333333,61.76470588235294,0.6938968722743202,0.23595505617977525,0.13854830247653763,1.4652416853605807,1.4695808733422546,0.42685315085190106,False,False,phase_reversing_1
25,CTX,480.804443359375,19.966666666666665,21.591666666666665,8.13856427378965,0.11288110739130867,0.03910166432725085,0.04213254463283761,-0.2037136704294287,-0.09918040596519286,0.21222142600556243,False,False,phase_reversing_1
23,CTX,502.58251953125,3.591666666666667,4.254166666666666,18.445475638051036,0.24422309178870324,0.08443972384492826,0.01002247513335938,0.11705852027932978,0.25544718234391756,0.17539331483378914,False,False,phase_reversing_1
20,CTX,511.6981201171875,9.541666666666666,8.633333333333333,-9.519650655021833,-0.14432359529775246,-0.04997707473635947,0.02789785270001387,-0.7532734838922153,-0.7936413876145069,0.21222142600556243,False,False,phase_reversing_1
27,CTX,546.5692138671875,9.641666666666667,10.395833333333334,7.821953327571302,0.10865095111713284,0.03763776252859221,0.03290112789111606,-0.2135672515102737,-0.11060196415592921,0.21222142600556243,False,False,phase_reversing_1
32,CTX,582.375,20.975,21.1625,0.8939213349225268,0.012839257455818381,0.004449718184514981,0.9003438289245913,-0.4291817960660829,-0.3692966230710814,1.0,False,False,phase_reversing_1
35,CTX,599.0913696289062,9.458333333333334,9.341666666666667,-1.2334801762114587,-0.01790601937285059,-0.006205673758865273,0.9266300611718286,-0.4953908881137542,-0.4523098607929803,1.0,False,False,phase_reversing_1
45,CTX,738.1071166992188,0.275,0.30833333333333335,12.121212121212118,0.1650592462704962,0.05714285714285713,0.11909080791901563,-0.07976551276223835,0.04170224963104133,0.41681782771655473,False,False,phase_reversing_1
56,CTX,801.6923828125,0.85,1.0333333333333334,21.568627450980408,0.28177096841537974,0.0973451327433629,0.14634965172065179,0.2142574010636488,0.3568276586275578,0.42685315085190106,False,False,phase_reversing_1
55,CTX,805.0826416015625,0.7416666666666667,0.65,-12.359550561797754,-0.19033121210414936,-0.0658682634730539,0.5646588462530417,-0.8416569852434362,-0.9178634348658798,0.7905223847542584,False,False,phase_reversing_1
58,CTX,842.6435546875,0.15833333333333333,0.275,73.68421052631581,0.7964666059148682,0.2692307692307693,0.1807665062840892,1.8362010816026755,1.7465224578732168,0.48667905538024014,False,False,phase_reversing_1
65,CTX,872.6962890625,38.358333333333334,38.65833333333333,0.7820986313273878,0.011239403625949567,0.0038952607660679137,0.9501023185933581,-0.4326619476202686,-0.37361627994193286,1.0,False,False,phase_reversing_1
64,CTX,879.1714477539062,4.258333333333334,4.9875,17.12328767123286,0.22802795600588038,0.07886435331230278,0.03295693473666309,0.07590932284704748,0.2117197940959677,0.21222142600556243,False,False,phase_reversing_1
67,CTX,927.9193115234375,0.2916666666666667,0.4875,67.14285714285712,0.741081702638438,0.2513368983957219,0.003726152752597047,1.6326207673013544,1.5969814351167233,0.13041534634089666,False,False,phase_reversing_1
66,CTX,939.7611694335938,0.2,0.30416666666666664,52.08333333333331,0.6048620581588607,0.2066115702479338,0.23984068515740842,1.1639375437158919,1.2291840074796,0.5027999781935936,False,False,phase_reversing_1
72,CTX,956.0975341796875,2.533333333333333,2.1125,-16.61184210526316,-0.2620855764402451,-0.09058295964125562,0.051210147776488496,-0.9739970069748132,-1.1116025297326972,0.22404439652213717,False,False,phase_reversing_1
77,CTX,1062.6483154296875,3.4,3.7958333333333334,11.642156862745104,0.15888190183055517,0.055008685581934016,0.2090973717952025,-0.09467469353406957,0.025023220675130138,0.5027999781935936,False,False,phase_reversing_1
79,HPC,1104.9130859375,0.35,0.5416666666666666,54.76190476190476,0.6300503902496942,0.21495327102803738,0.27125130154751187,1.2473001724168642,1.297193315423926,0.5274330863423842,False,False,phase_reversing_1
85,HPC,1198.19384765625,14.891666666666667,15.495833333333334,4.057078903189699,0.05737511357049691,0.019882078705608097,0.2431625155451277,-0.3307378542419298,-0.24904837709176078,0.5027999781935936,False,False,phase_reversing_1
87,HPC,1216.047607421875,0.225,0.5166666666666667,129.62962962962968,1.1993088082234067,0.3932584269662922,0.042444285201112486,3.577337103021798,2.8342093793801046,0.21222142600556243,True,False,phase_reversing_1
86,HPC,1216.7545166015625,9.858333333333333,10.470833333333333,6.213017751479297,0.086960597540867,0.03012912482066001,0.5242212483911821,-0.2636406218161292,-0.16916661744340938,0.7905223847542584,False,False,phase_reversing_1
90,HPC,1262.096923828125,16.691666666666666,16.820833333333333,0.7738392411382912,0.011121165667802397,0.0038542832276513665,0.9941233971236907,-0.4329189967585839,-0.37393552623729465,1.0,False,False,phase_reversing_1
98,HPC,1341.424072265625,9.0,10.454166666666667,16.157407407407415,0.2160811583583417,0.07474834011565651,0.10214633404971993,0.04584915086730677,0.17946305564937212,0.3972357435266886,False,False,phase_reversing_1
101,HPC,1344.91796875,2.0166666666666666,1.9791666666666667,-1.8595041322313983,-0.02707953405628415,-0.009384775808133438,0.6610423301912464,-0.5148740357524328,-0.4770786459109307,0.826302912739058,False,False,phase_reversing_1
97,HPC,1355.7359619140625,0.06666666666666667,0.07916666666666666,18.749999999999996,0.2479275134435855,0.0857142857142857,0.36305301398725176,0.1265359421038023,0.2654492401290061,0.6050883566454196,False,False,phase_reversing_1
105,HPC,1373.565673828125,0.075,0.1,33.33333333333335,0.415037499278844,0.1428571428571429,0.35292461205171766,0.5803991428090924,0.7166515843833915,0.6050883566454196,False,False,phase_reversing_1
117,HPC,1462.09912109375,0.7916666666666666,0.7416666666666667,-6.315789473684202,-0.09412217736455004,-0.03260869565217387,0.6591566405177289,-0.6535627622663415,-0.6580959422412722,0.826302912739058,False,False,phase_reversing_1
128,HPC,1481.024169921875,6.333333333333333,6.333333333333333,0.0,0.0,0.0,0.8362872073479698,-0.45700245880299833,-0.4039630317455567,0.9756684085726314,False,False,phase_reversing_1
137,HPC,1648.5931396484375,11.7,12.125,3.6324786324786387,0.051476217491085635,0.01783840503672616,0.8080254993917823,-0.34395228426834723,-0.264975586505609,0.9752031889211165,False,False,phase_reversing_1
136,HPC,1668.7030029296875,0.7166666666666667,0.5875,-18.023255813953487,-0.2867134023033044,-0.09904153354632586,0.4170167295461834,-1.0179230922327913,-1.1780984528085077,0.6634357060962008,False,False,phase_reversing_1
143,HPC,1676.8529052734375,2.725,2.5708333333333333,-5.657492354740065,-0.08402014634866475,-0.029110936270653053,1.0,-0.6330752077004633,-0.6308201331188215,1.0,False,False,phase_reversing_1
158,HPC,1960.6185302734375,0.1,0.05416666666666667,-45.833333333333336,-0.8845227825800641,-0.2972972972972973,0.5457349369112854,-1.8834296610196224,-2.7922030345900253,0.7905223847542584,False,False,phase_reversing_1
170,HPC,2025.796142578125,10.308333333333334,10.3625,0.5254648342764799,0.007561007240537072,0.002620439427534794,0.6347545502875275,-0.44064891698292075,-0.3835480686611968,0.826302912739058,False,False,phase_reversing_1
174,HPC,2044.546142578125,2.5833333333333335,2.754166666666667,6.612903225806454,0.09238205623345416,0.03200624512099923,0.2442171322654597,-0.2511953668702771,-0.15452850435192036,0.5027999781935936,False,False,phase_reversing_1
175,HPC,2050.2314453125,14.183333333333334,14.708333333333334,3.7015276145710954,0.05243714647258006,0.01817132967983849,0.2940979798162928,-0.3418033385299753,-0.2623810473047039,0.5417594365036973,False,False,phase_reversing_1
15,CTX,422.42724609375,0.2833333333333333,0.4583333333333333,61.76470588235294,0.6938968722743202,0.23595505617977525,0.13854830247653763,1.5568378306591,1.5544065081707674,0.4040992155565681,False,False,phase_reversing_2
25,CTX,480.804443359375,19.95,21.608333333333334,8.312447786132005,0.11519905390979276,0.03990374974934834,0.04517794953152684,-0.18181193610090893,-0.07987389928022773,0.26353803893390654,False,False,phase_reversing_2
23,CTX,502.58251953125,3.6166666666666667,4.245833333333334,17.396313364055306,0.2313871037213347,0.08002119766825651,0.011738922324949436,0.11366034759391648,0.24824873633567768,0.20543114068661514,False,False,phase_reversing_2
20,CTX,511.6981201171875,9.55,8.608333333333333,-9.860383944153593,-0.14976678989184564,-0.051858650757228175,0.022398814660343373,-0.77292241065472,-0.8281547350237096,0.23704214068036208,False,False,phase_reversing_2
27,CTX,546.5692138671875,9.608333333333333,10.4,8.239375542064193,0.11422542121047671,0.03956684714702213,0.027090530363469954,-0.18418876814935914,-0.08262350156669003,0.23704214068036208,False,False,phase_reversing_2
32,CTX,582.375,21.0,21.116666666666667,0.5555555555555578,0.007992790753530621,0.002770083102493086,0.9823716457202705,-0.4341215549611037,-0.38263138319033857,0.9882471130288134,False,False,phase_reversing_2
35,CTX,599.0913696289062,9.441666666666666,9.345833333333333,-1.0150044130626643,-0.01471824073424324,-0.005100909292526053,0.976492074410252,-0.4852073990465893,-0.4467688183345845,0.9882471130288134,False,False,phase_reversing_2
45,CTX,738.1071166992188,0.275,0.30833333333333335,12.121212121212118,0.1650592462704962,0.05714285714285713,0.11909080791901563,-0.05792367658322431,0.060934538043976694,0.398860770342065,False,False,phase_reversing_2
56,CTX,801.6923828125,0.875,1.0333333333333334,18.095238095238106,0.2399507927207526,0.08296943231441054,0.12535624210750615,0.13639437912287988,0.27243315297440845,0.398860770342065,False,False,phase_reversing_2
55,CTX,805.0826416015625,0.7333333333333333,0.65,-11.363636363636353,-0.17402939977504875,-0.06024096385542164,0.9225426109185644,-0.8218189318046824,-0.8966739288195443,0.9882471130288134,False,False,phase_reversing_2
58,CTX,842.6435546875,0.15833333333333333,0.275,73.68421052631581,0.7964666059148682,0.2692307692307693,0.1807665062840892,1.9445453795490888,1.844070130127995,0.451916265710223,False,False,phase_reversing_2
65,CTX,872.6962890625,38.358333333333334,38.6375,0.7277862263741087,0.01046171235549322,0.003625737323448263,0.9765060911474139,-0.42851938161402925,-0.3756589874536082,0.9882471130288134,False,False,phase_reversing_2
64,CTX,879.1714477539062,4.275,4.995833333333334,16.8615984405458,0.22480092780716945,0.07775280898876402,0.04128212456228434,0.09626759357089,0.22964894571098626,0.26353803893390654,False,False,phase_reversing_2
67,CTX,927.9193115234375,0.2916666666666667,0.49166666666666664,68.57142857142856,0.7533600324168747,0.25531914893617014,0.003683597113377565,1.7782411396541613,1.722334353243242,0.12892589896821477,False,False,phase_reversing_2
66,CTX,939.7611694335938,0.21666666666666667,0.29583333333333334,36.53846153846153,0.44930740136358993,0.15447154471544716,0.24753322732342942,0.7362999262400788,0.8636698793237942,0.5246207470972487,False,False,phase_reversing_2
72,CTX,956.0975341796875,2.5166666666666666,2.120833333333333,-15.72847682119206,-0.24688289324938376,-0.08535489667565144,0.07089752225328957,-0.9637947643282183,-1.102416949133586,0.3101766598581419,False,False,phase_reversing_2
77,CTX,1062.6483154296875,3.408333333333333,3.7916666666666665,11.246943765281173,0.15376570214430973,0.05324074074074074,0.17291299776336644,-0.0863611369873987,0.029040832364782863,0.451916265710223,False,False,phase_reversing_2
79,HPC,1104.9130859375,0.35,0.5416666666666666,54.76190476190476,0.6300503902496942,0.21495327102803738,0.27125130154751187,1.3290566485654147,1.3740998760282703,0.5274330863423842,False,False,phase_reversing_2
85,HPC,1198.19384765625,14.858333333333333,15.516666666666667,4.430734716769501,0.06254636993379882,0.021673525377229136,0.22863792312694053,-0.3080730102453807,-0.22856851517641655,0.5246207470972487,False,False,phase_reversing_2
87,HPC,1216.047607421875,0.23333333333333334,0.5166666666666667,121.42857142857146,1.1468413883292712,0.3777777777777778,0.06786432646355152,3.4975335020972977,2.833551382680551,0.3101766598581419,True,False,phase_reversing_2
86,HPC,1216.7545166015625,9.841666666666667,10.504166666666666,6.7315834038950015,0.09398715346138237,0.03256194962113453,0.49818532300147356,-0.23323295342271771,-0.13977769052936204,0.7581081002196336,False,False,phase_reversing_2
90,HPC,1262.096923828125,16.7,16.779166666666665,0.4740518962075792,0.006822963750545489,0.0023646546359676135,0.9882471130288135,-0.4367726369427173,-0.3859350509948739,0.9882471130288134,False,False,phase_reversing_2
98,HPC,1341.424072265625,9.05,10.445833333333333,15.423572744014717,0.20693789302957744,0.07159649497755925,0.10928395197687663,0.0494927120052142,0.17920256967808876,0.398860770342065,False,False,phase_reversing_2
101,HPC,1344.91796875,2.0416666666666665,1.9666666666666666,-3.6734693877551003,-0.0539948896407293,-0.0187110187110187,0.7709771149749363,-0.5716796954997758,-0.5576886382150327,0.9882471130288134,False,False,phase_reversing_2
97,HPC,1355.7359619140625,0.06666666666666667,0.07916666666666666,18.749999999999996,0.2479275134435855,0.0857142857142857,0.36305301398725176,0.157691919648639,0.2949599328919068,0.6050883566454196,False,False,phase_reversing_2
105,HPC,1373.565673828125,0.075,0.1,33.33333333333335,0.415037499278844,0.1428571428571429,0.35292461205171766,0.6320462313587389,0.7668894392304723,0.6050883566454196,False,False,phase_reversing_2
117,HPC,1462.09912109375,0.8083333333333333,0.7375,-8.76288659793814,-0.1323072921041301,-0.04582210242587599,0.9388548928912487,-0.7372239467735068,-0.7788479737868393,0.9882471130288134,False,False,phase_reversing_2
128,HPC,1481.024169921875,6.358333333333333,6.320833333333334,-0.5897771952817769,-0.008533876587496986,-0.0029576076240551805,0.7286353247796733,-0.47137596835784507,-0.42930377036510464,0.980855244895714,False,False,phase_reversing_2
137,HPC,1648.5931396484375,11.733333333333333,12.108333333333333,3.1960227272727275,0.04538736899554402,0.01572876616567634,0.8051502826304642,-0.3482346757954115,-0.27702665369865087,0.9882471130288134,False,False,phase_reversing_2
136,HPC,1668.7030029296875,0.725,0.5833333333333334,-19.540229885057464,-0.31366047890376164,-0.10828025477707001,0.445476453910329,-1.0877802386837887,-1.291001209223342,0.708712540311887,False,False,phase_reversing_2
143,HPC,1676.8529052734375,2.7083333333333335,2.5625,-5.3846153846153895,-0.07985330768921468,-0.027667984189723344,0.9236947629498399,-0.6273384028078549,-0.6307144984191521,0.9882471130288134,False,False,phase_reversing_2
158,HPC,1960.6185302734375,0.1,0.058333333333333334,-41.666666666666664,-0.7776075786635522,-0.26315789473684215,0.6618609194691596,-1.807490228864629,-2.601218098193067,0.9557963457569478,False,False,phase_reversing_2
170,HPC,2025.796142578125,10.291666666666666,10.395833333333334,1.0121457489878658,0.014528773752583097,0.005035246727089685,0.682711675540677,-0.41926997597098964,-0.3641733406337382,0.9557963457569478,False,False,phase_reversing_2
174,HPC,2044.546142578125,2.575,2.75,6.7961165048543615,0.09485918634144118,0.032863849765258184,0.2548157914472351,-0.23113387538696262,-0.13731501276333757,0.5246207470972487,False,False,phase_reversing_2
175,HPC,2050.2314453125,14.183333333333334,14.708333333333334,3.7015276145710954,0.05243714647258006,0.01817132967983849,0.3009279983610923,-0.33179204108360527,-0.2571176220037155,0.5543410496125385,False,False,phase_reversing_2
15,CTX,422.42724609375,0.4666666666666667,0.13333333333333333,-71.42857142857143,-1.8073549220576042,-0.5555555555555557,0.04071307682163334,-1.3935717566062151,-2.2783304510888627,0.1424957688757167,False,False,static
25,CTX,480.804443359375,22.9,23.116666666666667,0.9461426491994261,0.01358578350550282,0.0047084389713872195,0.4416097211535125,0.038003225720148276,0.26606103389109537,0.6785024389531898,False,False,static
23,CTX,502.58251953125,4.383333333333334,4.458333333333333,1.7110266159695653,0.024476091996206602,0.008482563619227064,0.8973993161318355,0.05313266374506471,0.2812780083416626,0.9298112848484356,False,False,static
20,CTX,511.6981201171875,9.8,10.35,5.612244897959172,0.07877711338411687,0.027295285359801438,0.34399917849331374,0.13029893050349736,0.3571525582504077,0.6449275660670399,False,False,static
27,CTX,546.5692138671875,9.575,10.604166666666666,10.748476936466496,0.14728685831694446,0.05100144538509189,0.3987531567249756,0.23189382291093544,0.4528808876313087,0.6645885945416259,False,False,static
32,CTX,582.375,21.066666666666666,20.604166666666668,-2.1954113924050564,-0.03202594253062965,-0.011098890110988868,0.4458730313120962,-0.024136849427569287,0.2023279936075648,0.6785024389531898,False,False,static
35,CTX,599.0913696289062,9.583333333333334,6.166666666666667,-35.65217391304348,-0.6360366853154256,-0.21693121693121695,5.962195822857456e-09,-0.6859130626325484,-0.6416532442673953,1.0433842690000548e-07,False,True,static
45,CTX,738.1071166992188,0.35,0.12916666666666668,-63.09523809523809,-1.4381211123918847,-0.46086956521739125,0.00513191394061342,-1.2287380619740387,-1.762401866259054,0.028129041074873774,False,True,static
56,CTX,801.6923828125,1.4333333333333333,2.1375,49.1279069767442,0.5765502609049563,0.19719953325554263,0.0007802471333812193,0.9910406130808692,1.052688527178092,0.006827162417085669,False,True,static
55,CTX,805.0826416015625,0.65,0.3375,-48.07692307692307,-0.9455522159776235,-0.3164556962025316,0.005625808214974755,-0.9316751397797866,-1.0741377717866012,0.028129041074873774,False,True,static
58,CTX,842.6435546875,0.525,0.6125,16.666666666666668,0.22239242133644802,0.07692307692307693,0.056352719916454706,0.3489558723625072,0.5578255211592605,0.16436209975632624,False,False,static
65,CTX,872.6962890625,36.06666666666667,38.37916666666667,6.4117375231053595,0.08965729306114983,0.03106285330497565,0.13503398853984666,0.1461129292915802,0.372355379759488,0.3375849713496167,False,False,static
64,CTX,879.1714477539062,5.458333333333333,17.375,218.32061068702293,1.6704805719072136,0.5218978102189782,2.2499366793354217e-11,4.3376796279655565,2.581231966276449,7.874778377673976e-10,True,True,static
67,CTX,927.9193115234375,0.5166666666666667,0.15416666666666667,-70.16129032258065,-1.7447429447579257,-0.5403726708074534,0.04070278941519508,-1.368504881385654,-2.1908430433921935,0.1424957688757167,False,False,static
66,CTX,939.7611694335938,0.26666666666666666,0.125,-53.125,-1.0931094043914815,-0.36170212765957444,0.06920601365982444,-1.0315263201819704,-1.2803187048619051,0.18632388293029656,False,False,static
72,CTX,956.0975341796875,2.6416666666666666,1.5333333333333334,-41.9558359621451,-0.7847770740823943,-0.26546906187624747,1.4094310937303651e-05,-0.8105997712644751,-0.8494874573722372,0.00016443362760187592,False,True,static
77,CTX,1062.6483154296875,3.1333333333333333,3.5125,12.10106382978724,0.16479996926444498,0.05705329153605018,0.2269390383394203,0.25864805030338933,0.47735187135647605,0.4672274318752771,False,False,static
79,HPC,1104.9130859375,0.825,0.2708333333333333,-67.17171717171718,-1.606988807051155,-0.505703422053232,0.011310611573498188,-1.309370994846056,-1.9983598648180316,0.04948392563405457,False,True,static
85,HPC,1198.19384765625,15.208333333333334,14.729166666666666,-3.150684931506857,-0.04618624895798079,-0.016005567153792664,0.8108843404478674,-0.04303220144770985,0.18254186713546888,0.9155145779250116,False,False,static
87,HPC,1216.047607421875,0.20833333333333334,0.2,-3.999999999999999,-0.058893689053568565,-0.020408163265306117,0.8435385426395572,-0.0598316903252904,0.16478582363755173,0.9226202810120157,False,False,static
86,HPC,1216.7545166015625,7.85,7.6875,-2.0700636942675117,-0.030178148665024697,-0.010458567980691853,0.9882516527245716,-0.02165746652385125,0.20490990688089655,0.9882516527245717,False,False,static
90,HPC,1262.096923828125,17.4,18.179166666666667,4.477969348659015,0.06319876180661534,0.021899519850099598,0.1924514212079198,0.10786291096084702,0.33538500426980644,0.42098748389232454,False,False,static
98,HPC,1341.424072265625,10.991666666666667,11.7375,6.785443517816529,0.0947149991233861,0.03281393217231898,0.38295947374719286,0.1535048500693124,0.37942248754557373,0.6645885945416259,False,False,static
101,HPC,1344.91796875,1.825,1.6416666666666666,-10.045662100456623,-0.15273524014479714,-0.052884615384615384,0.7964435964088126,-0.17941514878720913,0.033661486197911365,0.9155145779250116,False,False,static
97,HPC,1355.7359619140625,0.11666666666666667,0.12083333333333333,3.5714285714285707,0.05062607306996814,0.017543859649122803,0.6132225249191917,0.08993149508337275,0.3178172481824736,0.79194534342944,False,False,static
105,HPC,1373.565673828125,0.125,0.13333333333333333,6.666666666666665,0.09310940439148145,0.03225806451612903,0.6372220453713684,0.1511554388038954,0.3771789979296263,0.79194534342944,False,False,static
117,HPC,1462.09912109375,0.5416666666666666,0.5791666666666667,6.92307692307694,0.09657325969505319,0.03345724907063205,0.5508307065904199,0.15622724479257813,0.38201902589576764,0.7415028742563344,False,False,static
128,HPC,1481.024169921875,6.075,6.516666666666667,7.270233196159118,0.1012497929804151,0.03507610853739244,0.052913914235175295,0.1630940109254028,0.388553522836908,0.16436209975632624,False,False,static
137,HPC,1648.5931396484375,13.816666666666666,12.4625,-9.800965018094084,-0.14881609637639828,-0.051530045980656386,0.1674322451910456,-0.1745750298890254,0.03913768649496751,0.3906752387791064,False,False,static
136,HPC,1668.7030029296875,0.4083333333333333,0.5625,37.75510204081633,0.4621057529356228,0.1587982832618026,0.35010353586496457,0.7660860383704641,0.8927757795030679,0.6449275660670399,False,False,static
143,HPC,1676.8529052734375,3.158333333333333,2.8208333333333333,-10.686015831134563,-0.16304201459609496,-0.056445993031358874,0.9032452481384803,-0.19208137334310624,0.019259880988376814,0.9298112848484356,False,False,static
158,HPC,1960.6185302734375,0.1,0.08333333333333333,-16.666666666666675,-0.26303440583379395,-0.09090909090909095,0.6561832845558218,-0.3103789061661988,-0.12045899511270369,0.79194534342944,False,False,static
170,HPC,2025.796142578125,10.591666666666667,10.5375,-0.511408339889855,-0.007396993341720458,-0.002563596923683714,0.49813436810985445,0.00917280396258396,0.23674190308238535,0.7264459534935378,False,False,static
174,HPC,2044.546142578125,2.65,4.908333333333333,85.22012578616354,0.8892408685461053,0.298787210584344,0.002562483442922954,1.7049462659404118,1.4896095741318505,0.017937384100460675,False,True,static
175,HPC,2050.2314453125,14.508333333333333,13.833333333333334,-4.652498564043645,-0.06873296141681395,-0.02381652455160243,0.5338388928014006,-0.07273814021171088,0.15103745679454772,0.7415028742563344,False,False,static
