unit,region,depth_um,fr_hz,condition,n_cycle_spikes,mod_depth,mod_depth_norm,fr_peak,fr_trough,vs,ppc,rayleigh_p,pref_phase_deg,reliable,rayleigh_p_fdr
65,CTX,872.6962890625,36.99463414940352,flicker_40Hz,9894,1.1488413547237075,0.06926586478639564,44.75694444444444,38.958333333333336,0.016188729682254356,0.00016101988684586794,0.07479467440537364,58.73411909256259,True,0.43630226736467953
32,CTX,582.375,21.277750063708364,flicker_40Hz,5048,1.259597806215722,0.1148867313915857,23.92361111111111,18.993055555555557,0.04589286250768688,0.0019084346299874054,2.4024920017880526e-05,37.72457947249057,True,0.00028029073354193947
25,CTX,480.804443359375,17.962435828097185,flicker_40Hz,4818,1.534188034188034,0.21079258010118038,24.930555555555554,16.25,0.09698507941862722,0.009200460229303868,1.8790171516041953e-20,358.24530379711865,True,6.576560030614683e-19
27,CTX,546.5692138671875,13.136635941941435,flicker_40Hz,2373,1.253968253968254,0.11267605633802813,10.972222222222221,8.75,0.023338117871112292,0.00012331220940242586,0.2746108659882494,103.00568823451651,True,0.7867799389833745
35,CTX,599.0913696289062,8.014119387920724,flicker_40Hz,2142,1.453658536585366,0.18489065606361835,10.347222222222221,7.1180555555555545,0.06086825810760129,0.0032396038571250573,0.0003556729573669107,341.1244332042339,True,0.0031121383769604685
20,CTX,511.6981201171875,7.8803990762695815,flicker_40Hz,1717,1.3333333333333333,0.14285714285714282,8.194444444444445,6.145833333333334,0.05692370404665859,0.002659445791064298,0.003823841941496055,332.7263824921973,True,0.026766893590472386
23,CTX,502.58251953125,6.988666583779414,flicker_40Hz,1149,2.210526315789474,0.3770491803278688,7.291666666666667,3.298611111111111,0.15780937885433655,0.02405441312064099,3.162674462446149e-13,18.41710023155251,True,5.53468030928076e-12
64,CTX,879.1714477539062,5.669662089563702,flicker_40Hz,693,1.6515151515151514,0.24571428571428566,3.7847222222222223,2.291666666666667,0.03016726570961352,-0.0005337076635356422,0.5323985923777479,359.0163404748975,True,0.8909847143018271
77,CTX,1062.6483154296875,3.2547840353667277,flicker_40Hz,723,1.7076923076923076,0.26136363636363635,3.854166666666667,2.2569444444444446,0.03172625067759924,-0.0003770924487149067,0.4831543253249556,40.62603928222681,True,0.8909847143018271
72,CTX,956.0975341796875,2.0576311860875593,flicker_40Hz,439,2.0625,0.34693877551020413,2.291666666666667,1.1111111111111112,0.05803913476167497,0.0010931268743036946,0.22801350897978157,277.5827678863256,True,0.7479860493924311
56,CTX,801.6923828125,1.461032872567075,flicker_40Hz,297,1.72,0.2647058823529412,1.4930555555555556,0.8680555555555556,0.04279052971205468,-0.0015411630350933936,0.5809156726181703,283.2385657409771,True,0.8909847143018271
58,CTX,842.6435546875,1.3597535832691678,flicker_40Hz,218,3.818181818181819,0.5849056603773586,1.4583333333333335,0.3819444444444444,0.08278606748995543,0.0022768211408221994,0.22465208703654518,92.31716233231653,True,0.7479860493924311
67,CTX,927.9193115234375,1.1939878714886087,flicker_40Hz,199,1.8235294117647058,0.29166666666666663,1.0763888888888888,0.5902777777777778,0.03947084091582962,-0.003484689347283115,0.7339059233286395,15.269794218092258,False,0.8909847143018271
15,CTX,422.42724609375,0.5637616689434286,flicker_40Hz,149,5.2,0.6774193548387097,0.9027777777777778,0.1736111111111111,0.03572445695933795,-0.0054718967099263585,0.82730371180092,123.65278643577234,False,0.8909847143018271
55,CTX,805.0826416015625,0.5582229578099492,flicker_40Hz,161,2.538461538461539,0.4347826086956523,1.1458333333333335,0.45138888888888884,0.09487046181282427,0.002806657052857164,0.23508132980904978,306.84363116307406,False,0.7479860493924311
66,CTX,939.7611694335938,0.27733117889778486,flicker_40Hz,46,10.999999999999998,0.8333333333333334,0.3819444444444444,0.034722222222222224,0.10144333678457577,-0.011702788298055827,0.6253339621752843,102.00735988545586,False,0.8909847143018271
45,CTX,738.1071166992188,0.2599238010497071,flicker_40Hz,61,5.999999999999999,0.7142857142857143,0.41666666666666663,0.06944444444444445,0.04670618199320192,-0.014448841439678199,0.8762896957891118,67.09951251951853,False,0.8909847143018271
90,HPC,1262.096923828125,18.133344628787402,flicker_40Hz,4304,1.1402061855670103,0.0655105973025048,19.20138888888889,16.84027777777778,0.007087784603112039,-0.0001821476374025558,0.8055771390867802,273.45444171213285,True,0.8909847143018271
85,HPC,1198.19384765625,15.414628706696707,flicker_40Hz,3609,1.2010050251256281,0.09132420091324199,16.59722222222222,13.819444444444445,0.017898493112477536,4.328298365075878e-05,0.3147119755933498,57.44296538915093,True,0.7867799389833745
175,HPC,2050.2314453125,14.512214414163402,flicker_40Hz,3417,1.2724719101123596,0.11990111248454882,15.729166666666666,12.36111111111111,0.011414267716021866,-0.00016241639955982262,0.6407378085463653,134.13401147659246,True,0.8909847143018271
137,HPC,1648.5931396484375,13.067797674996765,flicker_40Hz,2898,1.2999999999999998,0.13043478260869557,13.541666666666666,10.416666666666668,0.018015372259112705,-2.0519005224538095e-05,0.39044409553952064,52.080736953041566,True,0.884745638910959
170,HPC,2025.796142578125,11.272464023301833,flicker_40Hz,2607,1.2640845070422537,0.11664074650077766,12.465277777777779,9.86111111111111,0.01863494066377582,-3.6335586222119835e-05,0.40445514921643844,64.97199573577639,True,0.884745638910959
98,HPC,1341.424072265625,10.66241455417147,flicker_40Hz,2577,1.217081850533808,0.09791332263242375,11.875,9.756944444444445,0.013231688383828866,-0.0002130532153791307,0.6369226029238659,338.37985483451354,True,0.8909847143018271
86,HPC,1216.7545166015625,8.941062258330867,flicker_40Hz,2039,1.2171945701357467,0.09795918367346945,9.340277777777779,7.673611111111111,0.007524838020763181,-0.00043402616350355424,0.8909847143018271,117.05670640000837,True,0.8909847143018271
128,HPC,1481.024169921875,5.488862733277985,flicker_40Hz,1549,1.3375,0.14438502673796785,7.4305555555555545,5.555555555555555,0.037981116501423134,0.0007975022683243245,0.1070329950012105,160.48156334535358,True,0.5351649750060525
174,HPC,2044.546142578125,3.1926713462269958,flicker_40Hz,696,1.4923076923076923,0.19753086419753088,3.368055555555556,2.2569444444444446,0.05066166884877842,0.0011314487260692479,0.16759252322270204,258.12493975102996,True,0.7332172890993215
143,HPC,1676.8529052734375,2.2942132759318894,flicker_40Hz,775,1.6956521739130435,0.2580645161290322,4.0625,2.3958333333333335,0.012460325927219552,-0.0011365293479138007,0.8866957490828539,353.6735646268667,True,0.8909847143018271
101,HPC,1344.91796875,1.4661759614767342,flicker_40Hz,448,1.425531914893617,0.1754385964912281,2.326388888888889,1.6319444444444444,0.016177966272322347,-0.0019748243545114922,0.8894691600492136,272.51372442853693,True,0.8909847143018271
117,HPC,1462.09912109375,1.1967572270553484,flicker_40Hz,146,1.8461538461538463,0.2972972972972973,0.8333333333333333,0.45138888888888884,0.033304549194935376,-0.005779709120183662,0.8509227360733821,66.00881382487505,False,0.8909847143018271
136,HPC,1668.7030029296875,0.6183575358305816,flicker_40Hz,203,1.8235294117647058,0.29166666666666663,1.0763888888888888,0.5902777777777778,0.04779507904205105,-0.0026548167085688654,0.629486526424612,262.02961602870374,True,0.8909847143018271
79,HPC,1104.9130859375,0.6132144469209223,flicker_40Hz,189,2.5,0.4285714285714286,1.0416666666666665,0.41666666666666663,0.026031280588720306,-0.004637916965118289,0.8800687734401583,253.22047567993042,False,0.8909847143018271
87,HPC,1216.047607421875,0.39720471271522967,flicker_40Hz,84,5.333333333333333,0.6842105263157895,0.5555555555555556,0.10416666666666667,0.11859961190022157,0.002187143460267314,0.30769332007379735,185.69528950393615,False,0.7867799389833745
105,HPC,1373.565673828125,0.13609404499406277,flicker_40Hz,55,5.0,0.6666666666666667,0.3472222222222222,0.06944444444444445,0.060355532711301264,-0.014808269109489397,0.819774173720193,262.06176381033845,False,0.8909847143018271
97,HPC,1355.7359619140625,0.11670855602688522,flicker_40Hz,46,9.0,0.8,0.3125,0.034722222222222224,0.09536556321733544,-0.01292552956006796,0.660487077886263,225.9079943456738,False,0.8909847143018271
158,HPC,1960.6185302734375,0.09059748925476853,flicker_40Hz,23,5.0,0.6666666666666667,0.1736111111111111,0.034722222222222224,0.08189137331056043,-0.03844352129446091,0.8596723117513305,75.81506732928683,False,0.8909847143018271
65,CTX,872.6962890625,36.99463414940352,flicker_20Hz,10036,1.5319148936170215,0.21008403361344544,50.0,32.638888888888886,0.08920711993566174,0.00785905204195866,1.7671489757351993e-35,64.84716870937245,True,1.2370042830146395e-34
32,CTX,582.375,21.277750063708364,flicker_20Hz,4398,3.4420289855072466,0.5497553017944534,32.986111111111114,9.583333333333334,0.25874914738812543,0.06673892002806732,8.349351477890973e-131,343.68043724088,True,9.740910057539467e-130
25,CTX,480.804443359375,17.962435828097185,flicker_20Hz,5295,3.7848837209302326,0.5820170109356015,45.208333333333336,11.944444444444445,0.24215752916250446,0.05846245258496832,1.3419009202077455e-137,346.19444836667765,True,2.3483266103635547e-136
27,CTX,546.5692138671875,13.136635941941435,flicker_20Hz,2751,2.336734693877551,0.40061162079510704,15.902777777777777,6.805555555555555,0.1900801045171,0.035779948113643746,2.7817035015523087e-44,50.88110658241831,True,2.43399056385827e-43
35,CTX,599.0913696289062,8.014119387920724,flicker_20Hz,1253,3.4523809523809517,0.550802139037433,10.069444444444443,2.916666666666667,0.22552564315031484,0.05010371812708388,9.392431864461739e-29,339.84264981232667,True,4.69621593223087e-28
20,CTX,511.6981201171875,7.8803990762695815,flicker_20Hz,946,4.692307692307692,0.6486486486486487,8.472222222222221,1.8055555555555556,0.2693610553566581,0.07157395526258052,4.431690295186825e-31,335.25005847412154,True,2.5851526721923145e-30
23,CTX,502.58251953125,6.988666583779414,flicker_20Hz,1629,17.4375,0.8915254237288136,19.375,1.1111111111111112,0.5291161171516496,0.27952158279169576,6.099752844102544e-215,329.7277113748718,True,2.1349134954358904e-213
64,CTX,879.1714477539062,5.669662089563702,flicker_20Hz,442,2.5,0.42857142857142855,2.7777777777777777,1.1111111111111112,0.12101056430124424,0.012409188320289026,0.0015201787607396467,296.64606265523923,True,0.004433854718823969
77,CTX,1062.6483154296875,3.2547840353667277,flicker_20Hz,669,2.5454545454545454,0.43589743589743585,3.8888888888888884,1.5277777777777777,0.09904402491404395,0.008327398091040784,0.0013962874401789954,11.548624453409381,True,0.004433854718823969
72,CTX,956.0975341796875,2.0576311860875593,flicker_20Hz,291,3.714285714285714,0.5757575757575757,1.8055555555555556,0.48611111111111116,0.12593305496194185,0.01246554514008901,0.009799333289292793,91.0890479774123,True,0.024498333223231982
56,CTX,801.6923828125,1.461032872567075,flicker_20Hz,221,4.6000000000000005,0.6428571428571428,1.5972222222222223,0.3472222222222222,0.1791313610857124,0.0276884447268036,0.0007984211874548558,206.511429225504,True,0.002794474156091995
58,CTX,842.6435546875,1.3597535832691678,flicker_20Hz,1621,2.1060606060606064,0.35609756097560985,9.652777777777779,4.583333333333333,0.08289755595574304,0.006258962811079644,1.429971772862231e-05,19.60927269209205,True,5.561001338908675e-05
67,CTX,927.9193115234375,1.1939878714886087,flicker_20Hz,1758,2.6271186440677967,0.44859813084112155,10.76388888888889,4.097222222222222,0.13796243630139346,0.018475314896710195,2.5257673817165835e-15,75.65990304421652,True,1.1050232295010053e-14
15,CTX,422.42724609375,0.5637616689434286,flicker_20Hz,23,inf,1.0,0.2777777777777778,0.0,0.3038889323331491,0.051091596067062275,0.119200291948006,334.1164978886682,False,0.24541236577530648
55,CTX,805.0826416015625,0.5582229578099492,flicker_20Hz,216,4.0,0.5999999999999999,1.3888888888888888,0.3472222222222222,0.10469587993749316,0.006361046937634288,0.09360834928683563,20.338836388088325,True,0.20476826406495294
66,CTX,939.7611694335938,0.27733117889778486,flicker_20Hz,10,inf,1.0,0.20833333333333334,0.0,0.24470377100808474,-0.04457784939380314,0.5608811437565512,87.97393304684833,False,0.892310910521786
45,CTX,738.1071166992188,0.2599238010497071,flicker_20Hz,39,inf,1.0,0.48611111111111116,0.0,0.3156061879173067,0.0759127202162126,0.019576340154992156,333.9082779619775,False,0.04567812702831502
90,HPC,1262.096923828125,18.133344628787402,flicker_20Hz,4204,1.262443438914027,0.11600000000000002,19.375,15.347222222222221,0.01401926165854586,-4.1338832242908855e-05,0.4377115193149964,309.54632856579695,True,0.7659951588012437
85,HPC,1198.19384765625,15.414628706696707,flicker_20Hz,3799,1.2550000000000001,0.11308203991130823,17.430555555555557,13.88888888888889,0.009199281306912771,-0.00017864741333187145,0.7250884614593778,230.73780974896587,True,0.9158060413984022
175,HPC,2050.2314453125,14.512214414163402,flicker_20Hz,3202,1.4840764331210188,0.1948717948717948,16.180555555555554,10.902777777777779,0.03883504669865952,0.0011962296308599763,0.007984937034378982,7.064903955684714,True,0.021497907400251107
137,HPC,1648.5931396484375,13.067797674996765,flicker_20Hz,3009,1.3933333333333335,0.16434540389972147,14.51388888888889,10.416666666666666,0.007359519118934045,-0.0002782662806912151,0.8496335359290104,83.29998550664767,True,0.918795120970752
170,HPC,2025.796142578125,11.272464023301833,flicker_20Hz,2418,1.564102564102564,0.22,12.708333333333334,8.125,0.02292995841154326,0.000112264491717766,0.28048150492765583,26.805769990467144,True,0.5453807040259975
98,HPC,1341.424072265625,10.66241455417147,flicker_20Hz,3070,1.4805194805194806,0.193717277486911,15.833333333333334,10.694444444444445,0.012051210527684477,-0.00018056003818491377,0.6403087350953568,33.87485014956002,True,0.8964322291334994
86,HPC,1216.7545166015625,8.941062258330867,flicker_20Hz,1876,1.623529411764706,0.23766816143497763,9.583333333333334,5.902777777777778,0.023280965341056704,8.959082329996341e-06,0.3617995122585689,351.4593695537147,True,0.666472785739469
128,HPC,1481.024169921875,5.488862733277985,flicker_20Hz,1510,1.3999999999999997,0.16666666666666657,7.291666666666666,5.208333333333334,0.01245317066059561,-0.0005075062930100079,0.7912790758666136,229.7411916985708,True,0.918795120970752
174,HPC,2044.546142578125,3.1926713462269958,flicker_20Hz,768,2.03125,0.3402061855670103,4.513888888888889,2.2222222222222223,0.020131897910976613,-0.000897959237592631,0.7326448331187217,248.71513158791726,True,0.9158060413984022
143,HPC,1676.8529052734375,2.2942132759318894,flicker_20Hz,264,2.4000000000000004,0.411764705882353,1.6666666666666667,0.6944444444444444,0.05047507117784901,-0.0012448613614146164,0.5108105391782073,13.199718461434788,True,0.8513508986303455
101,HPC,1344.91796875,1.4661759614767342,flicker_20Hz,362,2.066666666666667,0.3478260869565218,2.1527777777777777,1.0416666666666665,0.017933775099554017,-0.002447571898242823,0.8902301265749868,133.5311950539907,True,0.918795120970752
117,HPC,1462.09912109375,1.1967572270553484,flicker_20Hz,174,4.25,0.619047619047619,1.1805555555555556,0.2777777777777778,0.00439397878438652,-0.00576092816980908,0.9966557875416777,115.81001075645125,False,0.9966557875416776
136,HPC,1668.7030029296875,0.6183575358305816,flicker_20Hz,113,5.499999999999999,0.6923076923076924,0.7638888888888888,0.1388888888888889,0.034220545159641326,-0.0077470699522713855,0.8765307654146032,167.6632084078344,False,0.918795120970752
79,HPC,1104.9130859375,0.6132144469209223,flicker_20Hz,45,inf,1.0,0.48611111111111116,0.0,0.08601334884619577,-0.01516083345254133,0.7190224601073794,332.9234844381342,False,0.9158060413984022
87,HPC,1216.047607421875,0.39720471271522967,flicker_20Hz,172,3.2,0.5238095238095238,1.1111111111111112,0.3472222222222222,0.03432181324866659,-0.0046630775396237925,0.8170249541892924,131.36920372762955,False,0.918795120970752
105,HPC,1373.565673828125,0.13609404499406277,flicker_20Hz,21,inf,1.0,0.2777777777777778,0.0,0.14931097437331303,-0.026591544578276453,0.631448349982403,114.86091911682185,False,0.8964322291334994
97,HPC,1355.7359619140625,0.11670855602688522,flicker_20Hz,21,inf,1.0,0.2777777777777778,0.0,0.1490353326623397,-0.026677893099137033,0.6325258901264728,116.02216959986593,False,0.8964322291334994
158,HPC,1960.6185302734375,0.09059748925476853,flicker_20Hz,19,inf,1.0,0.20833333333333334,0.0,0.07830479747119887,-0.049083267509272,0.8925438318001592,45.72792952095205,False,0.918795120970752
65,CTX,872.6962890625,36.99463414940352,phase_reversing_1,9274,1.152409046214356,0.07080858839652808,40.69444444444444,35.3125,0.0044899942743473805,-8.767774284859523e-05,0.8294809350806979,304.7267866156162,True,0.9650025054209032
32,CTX,582.375,21.277750063708364,phase_reversing_1,5079,1.1335676625659052,0.06260296540362448,22.395833333333336,19.756944444444443,0.014507630798028023,1.3584874678581228e-05,0.34337401428527536,63.66493660541715,True,0.9650025054209032
25,CTX,480.804443359375,17.962435828097185,phase_reversing_1,5178,1.1168384879725086,0.05519480519480518,22.569444444444446,20.208333333333336,0.01372937684648222,-4.629864142724537e-06,0.3768217782700238,280.98667516942663,True,0.9650025054209032
27,CTX,546.5692138671875,13.136635941941435,phase_reversing_1,2493,1.2113207547169809,0.09556313993174054,11.145833333333332,9.20138888888889,0.006371755697661145,-0.00036066854663643726,0.903757042576603,310.41510304705236,True,0.9884842653181596
35,CTX,599.0913696289062,8.014119387920724,phase_reversing_1,2241,1.2520661157024793,0.11192660550458712,10.520833333333334,8.402777777777779,0.029949852647184298,0.0004509655457637613,0.13396655469385613,231.52181933880723,True,0.9377658828569929
20,CTX,511.6981201171875,7.8803990762695815,phase_reversing_1,2072,1.211453744493392,0.09561752988047804,9.54861111111111,7.881944444444445,0.0047595265987979175,-0.00046019449076902674,0.9541578581803317,327.93852761624714,True,0.9921697752355653
23,CTX,502.58251953125,6.988666583779414,phase_reversing_1,1019,1.3823529411764708,0.1604938271604939,4.895833333333334,3.5416666666666665,0.031017124376808695,-1.9311215428347574e-05,0.3752750927353732,110.22710798983796,True,0.9650025054209032
64,CTX,879.1714477539062,5.669662089563702,phase_reversing_1,1198,1.3629032258064517,0.15358361774744028,5.868055555555555,4.305555555555555,0.0429155271128865,0.0010078592112928335,0.11008499154193473,341.57697767961696,True,0.9377658828569929
77,CTX,1062.6483154296875,3.2547840353667277,phase_reversing_1,911,1.4000000000000001,0.1666666666666667,4.618055555555555,3.2986111111111107,0.050312908036220495,0.001435269362000808,0.09963029740600483,237.88317267172906,True,0.9377658828569929
72,CTX,956.0975341796875,2.0576311860875593,phase_reversing_1,508,1.7209302325581397,0.264957264957265,2.5694444444444446,1.4930555555555556,0.041535618633295,-0.00024377619615923953,0.41647830017741105,87.90399779083198,True,0.9650025054209032
56,CTX,801.6923828125,1.461032872567075,phase_reversing_1,248,2.157894736842105,0.36666666666666664,1.423611111111111,0.6597222222222222,0.039221037793882654,-0.0025040652963723297,0.683263828363406,146.91349281434373,True,0.9650025054209032
58,CTX,842.6435546875,1.3597535832691678,phase_reversing_1,66,4.333333333333333,0.625,0.4513888888888889,0.10416666666666667,0.07105944163331589,-0.010257487381757703,0.7180831654632323,245.62975712316168,False,0.9650025054209032
67,CTX,927.9193115234375,1.1939878714886087,phase_reversing_1,117,2.625,0.44827586206896547,0.7291666666666667,0.2777777777777778,0.04475774114922467,-0.006600164819350199,0.7917579759307649,16.397072797022517,False,0.9650025054209032
15,CTX,422.42724609375,0.5637616689434286,phase_reversing_1,110,2.0,0.33333333333333337,0.6944444444444444,0.3472222222222222,0.0652967789707372,-0.004871526350138863,0.6266446486294258,22.967750468087644,False,0.9650025054209032
55,CTX,805.0826416015625,0.5582229578099492,phase_reversing_1,156,2.0,0.3333333333333333,0.9027777777777777,0.45138888888888884,0.05198690905042547,-0.003731537811817518,0.6566874077890545,135.78128824361244,False,0.9650025054209032
66,CTX,939.7611694335938,0.27733117889778486,phase_reversing_1,73,4.333333333333333,0.625,0.4513888888888889,0.10416666666666667,0.14787846131724433,0.00828287320102178,0.2030808363630213,268.36818237614216,False,0.9650025054209032
45,CTX,738.1071166992188,0.2599238010497071,phase_reversing_1,74,4.333333333333333,0.625,0.4513888888888889,0.10416666666666667,0.06072756885378905,-0.009960274194548152,0.7623759588266267,34.44320459383382,False,0.9650025054209032
90,HPC,1262.096923828125,18.133344628787402,phase_reversing_1,4036,1.186252771618625,0.08519269776876262,18.576388888888886,15.659722222222221,0.019161873175563306,0.00011943690711151424,0.22721004947527482,5.648148226973275,True,0.9650025054209032
85,HPC,1198.19384765625,15.414628706696707,phase_reversing_1,3719,1.15311004784689,0.07111111111111114,16.73611111111111,14.513888888888888,0.007715878155319173,-0.00020941101913473539,0.8014093917770503,123.43965447331215,True,0.9650025054209032
175,HPC,2050.2314453125,14.512214414163402,phase_reversing_1,3529,1.1623711340206186,0.07508939213349225,15.659722222222221,13.472222222222221,0.006670097852196195,-0.0002389438960578426,0.8547165048013714,351.5016180673827,True,0.9650025054209032
137,HPC,1648.5931396484375,13.067797674996765,phase_reversing_1,2908,1.1476923076923078,0.06876790830945564,12.95138888888889,11.284722222222221,0.008690852180648662,-0.0002684403539703903,0.8028316185162367,293.00774349894016,True,0.9650025054209032
170,HPC,2025.796142578125,11.272464023301833,phase_reversing_1,2488,1.2097378277153559,0.09491525423728812,11.215277777777779,9.270833333333334,0.016578867957513357,-0.00012712149154458146,0.5047164879670086,64.26843314940092,True,0.9650025054209032
98,HPC,1341.424072265625,10.66241455417147,phase_reversing_1,2510,1.1672597864768683,0.07717569786535304,11.38888888888889,9.756944444444445,0.014215912207257642,-0.00019639245862495546,0.6021938289409022,331.3366942636046,True,0.9650025054209032
86,HPC,1216.7545166015625,8.941062258330867,phase_reversing_1,2512,1.1899641577060933,0.08674304418985274,11.527777777777779,9.6875,0.015438453715543173,-0.00015980693625848444,0.5495578172821801,225.60816636928433,True,0.9650025054209032
128,HPC,1481.024169921875,5.488862733277985,phase_reversing_1,1519,1.2407407407407407,0.10743801652892564,6.979166666666667,5.625,0.013588810715454761,-0.0004739841075446404,0.7554718452995639,77.40159391199344,True,0.9650025054209032
174,HPC,2044.546142578125,3.1926713462269958,phase_reversing_1,661,1.538461538461538,0.21212121212121204,3.472222222222222,2.2569444444444446,0.046309279073428807,0.0006326471303132881,0.24238334578822773,236.66890445251653,True,0.9650025054209032
143,HPC,1676.8529052734375,2.2942132759318894,phase_reversing_1,617,1.4262295081967216,0.17567567567567574,3.0208333333333335,2.1180555555555554,0.027453753726284273,-0.0008684444768013643,0.6282927245743828,139.86621153441303,True,0.9650025054209032
101,HPC,1344.91796875,1.4661759614767342,phase_reversing_1,475,1.4893617021276597,0.1965811965811966,2.4305555555555554,1.6319444444444442,0.04045988629754026,-0.00046924865058081087,0.45974836160869514,265.5368576998617,True,0.9650025054209032
117,HPC,1462.09912109375,1.1967572270553484,phase_reversing_1,178,2.7272727272727275,0.46341463414634154,1.0416666666666667,0.3819444444444444,0.12368171423922605,0.009733873592165739,0.06550206272749802,100.42666704461705,False,0.9377658828569929
136,HPC,1668.7030029296875,0.6183575358305816,phase_reversing_1,141,2.727272727272727,0.46341463414634143,1.0416666666666665,0.3819444444444444,0.1438040262104955,0.01368445222545137,0.05390185140052572,178.3930604654133,False,0.9377658828569929
79,HPC,1104.9130859375,0.6132144469209223,phase_reversing_1,130,2.4444444444444446,0.4193548387096775,0.763888888888889,0.3125,0.014389182696802469,-0.007543284378072444,0.9735417534840036,42.85905932696438,False,0.9921697752355653
87,HPC,1216.047607421875,0.39720471271522967,phase_reversing_1,124,2.111111111111111,0.35714285714285715,0.6597222222222222,0.3125,0.074621005790041,-0.002516516108662202,0.5022547421616539,224.18344758236788,False,0.9650025054209032
105,HPC,1373.565673828125,0.13609404499406277,phase_reversing_1,24,inf,1.0,0.1736111111111111,0.0,0.092581211075628,-0.03453431584949915,0.8171532457875534,238.21662536213918,False,0.9650025054209032
97,HPC,1355.7359619140625,0.11670855602688522,phase_reversing_1,18,inf,1.0,0.1736111111111111,0.0,0.1773972887624568,-0.025502566759713605,0.573892062890759,228.96794279231085,False,0.9650025054209032
158,HPC,1960.6185302734375,0.09059748925476853,phase_reversing_1,13,3.0,0.5,0.10416666666666667,0.034722222222222224,0.025057167457904338,-0.08265314988890209,0.9921697752355653,272.9921558128621,False,0.9921697752355653
65,CTX,872.6962890625,36.99463414940352,phase_reversing_2,9267,1.153010858835143,0.07106831728564876,40.55555555555556,35.173611111111114,0.005740521675918591,-7.496428768637576e-05,0.7368529366818068,128.20464540706806,True,0.9290898470969746
32,CTX,582.375,21.277750063708364,phase_reversing_2,5066,1.1214788732394367,0.057261410788381796,22.118055555555557,19.72222222222222,0.01336505891908781,-1.8773299832665648e-05,0.4045967712460081,240.979298190022,True,0.9290898470969746
25,CTX,480.804443359375,17.962435828097185,phase_reversing_2,5184,1.1294718909710393,0.06080000000000009,23.020833333333336,20.381944444444443,0.013431006783269826,-1.2511704878978858e-05,0.3925451127563772,110.2050436031795,True,0.9290898470969746
27,CTX,546.5692138671875,13.136635941941435,phase_reversing_2,2496,1.2375478927203065,0.10616438356164387,11.215277777777779,9.0625,0.007617094591522124,-0.00034275821862908844,0.8652028077909171,138.8253964375958,True,0.9290898470969746
35,CTX,599.0913696289062,8.014119387920724,phase_reversing_2,2241,1.2448979591836735,0.10909090909090913,10.590277777777779,8.506944444444445,0.029161140451205138,0.00040432317139366917,0.14872387965634606,54.58859287096277,True,0.897334447996932
20,CTX,511.6981201171875,7.8803990762695815,phase_reversing_2,2065,1.2488687782805432,0.1106639839034206,9.583333333333334,7.673611111111111,0.00442407090832168,-0.00046491423787556335,0.9603980675048339,132.94629224228095,True,0.9759770882499996
23,CTX,502.58251953125,6.988666583779414,phase_reversing_2,1019,1.3762376237623761,0.15833333333333333,4.826388888888888,3.506944444444444,0.029648552527505027,-0.00010241811036466305,0.4084051002255425,286.8275793265151,True,0.9290898470969746
64,CTX,879.1714477539062,5.669662089563702,phase_reversing_2,1197,1.3636363636363635,0.1538461538461538,5.729166666666667,4.201388888888889,0.04400387564895068,0.001101839685064877,0.09847484043383904,163.81879363115974,True,0.897334447996932
77,CTX,1062.6483154296875,3.2547840353667277,phase_reversing_2,910,1.4175824175824174,0.17272727272727265,4.479166666666666,3.1597222222222223,0.04896234466968874,0.0012998384905980103,0.11285380392201767,63.10270482832269,True,0.897334447996932
72,CTX,956.0975341796875,2.0576311860875593,phase_reversing_2,509,1.857142857142857,0.3,2.7083333333333335,1.4583333333333335,0.04333244601350616,-8.710679792453973e-05,0.3847122715674689,268.4424187047823,True,0.9290898470969746
56,CTX,801.6923828125,1.461032872567075,phase_reversing_2,248,1.7826086956521738,0.28125,1.4236111111111112,0.7986111111111112,0.039364322368788014,-0.0024927596391200063,0.6813608442392185,326.090453325522,True,0.9290898470969746
58,CTX,842.6435546875,1.3597535832691678,phase_reversing_2,66,4.333333333333333,0.625,0.45138888888888884,0.10416666666666667,0.07096293600774282,-0.010271404201055783,0.7187297526624841,65.82489421840296,False,0.9290898470969746
67,CTX,927.9193115234375,1.1939878714886087,phase_reversing_2,118,3.1428571428571432,0.5172413793103448,0.7638888888888888,0.24305555555555552,0.0521422473482871,-0.005804956862337312,0.7263800032808427,197.42631301739422,False,0.9290898470969746
15,CTX,422.42724609375,0.5637616689434286,phase_reversing_2,110,2.2222222222222223,0.3793103448275862,0.6944444444444444,0.3125,0.0657690866467133,-0.004809055014516359,0.6224022556568196,203.14438875539742,False,0.9290898470969746
55,CTX,805.0826416015625,0.5582229578099492,phase_reversing_2,156,2.0833333333333335,0.35135135135135137,0.8680555555555556,0.41666666666666663,0.042245901961425594,-0.004655382372417008,0.7575623984593636,307.9332174778354,False,0.9290898470969746
66,CTX,939.7611694335938,0.27733117889778486,phase_reversing_2,71,6.499999999999999,0.7333333333333334,0.45138888888888884,0.06944444444444445,0.1624096483732266,0.012467992368782465,0.15382876251375976,86.89866880288903,False,0.897334447996932
45,CTX,738.1071166992188,0.2599238010497071,phase_reversing_2,74,7.499999999999998,0.7647058823529412,0.5208333333333333,0.06944444444444445,0.06018145780443416,-0.01002720846717055,0.7660917963681162,214.22848620697292,False,0.9290898470969746
90,HPC,1262.096923828125,18.133344628787402,phase_reversing_2,4023,1.182819383259912,0.08375378405650868,18.645833333333336,15.763888888888888,0.020267957934723347,0.00016225973349285572,0.1915564053196536,183.55412303061436,True,0.9290898470969746
85,HPC,1198.19384765625,15.414628706696707,phase_reversing_2,3724,1.1513002364066194,0.07032967032967036,16.90972222222222,14.687499999999998,0.008703547514584726,-0.0001928285046207164,0.7542231899046732,304.92535953350114,True,0.9290898470969746
175,HPC,2050.2314453125,14.512214414163402,phase_reversing_2,3528,1.1994818652849741,0.0906949352179034,16.07638888888889,13.402777777777779,0.0072442049753494,-0.00023103369203363594,0.8310042575646822,173.20939075993323,True,0.9290898470969746
137,HPC,1648.5931396484375,13.067797674996765,phase_reversing_2,2905,1.1402439024390245,0.06552706552706557,12.98611111111111,11.388888888888888,0.009097933705593746,-0.00026155171647673716,0.7862995835263762,104.5952315458541,True,0.9290898470969746
170,HPC,2025.796142578125,11.272464023301833,phase_reversing_2,2494,1.2452107279693485,0.10921501706484638,11.284722222222221,9.0625,0.017476292130132753,-9.557984684129818e-05,0.46690713420198615,249.5135993255265,True,0.9290898470969746
98,HPC,1341.424072265625,10.66241455417147,phase_reversing_2,2508,1.2361623616236164,0.10561056105610567,11.631944444444445,9.409722222222221,0.013251143425241623,-0.00022322028416137961,0.643831462687223,144.06375568192823,True,0.9290898470969746
86,HPC,1216.7545166015625,8.941062258330867,phase_reversing_2,2521,1.1895910780669143,0.08658743633276735,11.11111111111111,9.340277777777779,0.014294571398381356,-0.0001924095401352033,0.5974694576382273,37.07160669286628,True,0.9290898470969746
128,HPC,1481.024169921875,5.488862733277985,phase_reversing_2,1517,1.3225806451612903,0.13888888888888887,7.118055555555555,5.381944444444445,0.01144615391856182,-0.0005285297461984973,0.819804056419245,256.0907400884644,True,0.9290898470969746
174,HPC,2044.546142578125,3.1926713462269958,phase_reversing_2,660,1.5538461538461537,0.216867469879518,3.506944444444444,2.2569444444444446,0.045930454325406454,0.0005953571757135719,0.24857272934189548,58.40709229356735,True,0.9290898470969746
143,HPC,1676.8529052734375,2.2942132759318894,phase_reversing_2,615,1.3934426229508194,0.16438356164383555,2.951388888888889,2.118055555555556,0.025956338498146058,-0.000953835704296973,0.6609494426306695,317.97011679914124,True,0.9290898470969746
101,HPC,1344.91796875,1.4661759614767342,phase_reversing_2,472,1.4782608695652173,0.19298245614035087,2.361111111111111,1.5972222222222223,0.04479687055543591,-0.00011212200285234237,0.38803397355898334,91.1546091837347,True,0.9290898470969746
117,HPC,1462.09912109375,1.1967572270553484,phase_reversing_2,177,2.5833333333333335,0.44186046511627913,1.0763888888888888,0.41666666666666663,0.11905755812827344,0.008573422046032363,0.08120865406722626,282.9993397574886,False,0.897334447996932
136,HPC,1668.7030029296875,0.6183575358305816,phase_reversing_2,140,2.8000000000000003,0.4736842105263158,0.9722222222222222,0.3472222222222222,0.1376347871930822,0.01188537302443096,0.07028665858923797,358.9847537696765,False,0.897334447996932
79,HPC,1104.9130859375,0.6132144469209223,phase_reversing_2,130,2.4444444444444446,0.4193548387096775,0.763888888888889,0.3125,0.01370248563977195,-0.007562724382542168,0.9759770882499997,226.13055041065795,False,0.9759770882499996
87,HPC,1216.047607421875,0.39720471271522967,phase_reversing_2,123,1.9000000000000004,0.31034482758620696,0.6597222222222223,0.3472222222222222,0.07517529259042904,-0.0024990743625002984,0.4999377783416119,40.696133893649524,False,0.9290898470969746
105,HPC,1373.565673828125,0.13609404499406277,phase_reversing_2,24,inf,1.0,0.1736111111111111,0.0,0.09349021280831864,-0.03435782272249248,0.8138967637493495,58.56594837533862,False,0.9290898470969746
97,HPC,1355.7359619140625,0.11670855602688522,phase_reversing_2,19,inf,1.0,0.1736111111111111,0.0,0.1411158288594675,-0.034535563003378004,0.6904460634408711,65.45853805636712,False,0.9290898470969746
158,HPC,1960.6185302734375,0.09059748925476853,phase_reversing_2,15,3.0,0.5,0.10416666666666667,0.034722222222222224,0.09539784139172762,-0.06167776984764155,0.8759989986914333,334.25206978235974,False,0.9290898470969746
