unit,label,contam_pct,n_spikes,fr_hz,depth_um,contam_pct_recomputed,hill_fp_pct,region,near_boundary,template,peak_channel,trough_to_peak_ms,half_width_ms,peak_trough_ratio,amplitude_au,repolarises,positive_dominant,burst_index,theta_index,rhythmicity_reliable,cell_type,cell_type_consistent
15,good,0.0,1425,0.5637616689434286,422.42724609375,0.0,0.0,CTX,False,15,21,0.7666666666666667,0.23333333333333334,0.2013145582254529,557.6273193359375,True,False,3.571428571428571,-0.03937007874015748,True,principal,True
25,good,1.8,45403,17.962435828097185,480.804443359375,1.7939007374195628,10.031738793191813,CTX,False,25,24,0.23333333333333334,0.13333333333333333,0.31960997831189075,506.322509765625,True,False,1.4954101273319513,-0.03114774929317957,True,interneuron,True
23,good,7.6,17665,6.988666583779414,502.58251953125,7.611673469592868,13.038056222082833,CTX,False,23,25,0.6666666666666666,0.2,0.19801289004402073,967.6318969726562,True,False,3.1272805323030695,-0.03651946066925049,True,principal,True
20,good,8.8,19919,7.8803990762695815,511.6981201171875,8.769792934997229,12.349886699336043,CTX,False,20,26,0.26666666666666666,0.16666666666666666,0.3489967617807539,382.8197326660156,True,False,0.6676455742669665,-0.04061576157882121,True,interneuron,True
27,good,2.3,33205,13.136635941941435,546.5692138671875,2.284669865139302,,CTX,False,27,27,0.3666666666666667,0.23333333333333334,0.31516582368123847,363.623779296875,True,False,1.2938958755195566,0.0026975346581984876,True,interneuron,True
30,good,10.3,15340,6.068844913398031,555.851318359375,10.33591731231526,31.653177308289404,CTX,False,30,28,0.23333333333333334,0.13333333333333333,0.3115298644018316,553.0657958984375,True,False,1.7761516247511704,-0.050855973872160225,True,interneuron,True
32,good,3.3,53783,21.277750063708364,582.375,3.3252511254724197,2.2648531623994774,CTX,False,32,29,1.0666666666666667,0.23333333333333334,0.16701554370353902,521.6802368164062,True,False,10.254019007016609,0.1472364672364672,True,principal,False
35,good,1.1,20257,8.014119387920724,599.0913696289062,1.0705053256172832,1.0367346578801062,CTX,False,35,30,0.7333333333333334,0.2,0.22634219493764424,752.0076293945312,True,False,0.5135311379197913,0.09827240420815592,True,principal,True
45,good,0.0,657,0.2599238010497071,738.1071166992188,0.0,0.0,CTX,False,45,37,1.1,0.23333333333333334,0.058799514394706445,311.93505859375,True,True,10.714285714285715,,False,principal,False
50,good,17.7,21888,8.659379234971063,766.4937744140625,17.673366021154173,36.63375466858581,CTX,False,50,38,0.23333333333333334,0.13333333333333333,0.33498246405256005,479.8561706542969,True,False,0.5366463847793187,-0.02180304708083543,True,interneuron,True
49,good,15.2,32679,12.928538652212142,790.2333984375,15.192119908069252,12.959376815167472,CTX,False,49,39,0.6,0.23333333333333334,0.22442150034954722,235.312255859375,True,False,0.23028942404499322,0.026344168849175783,True,principal,True
57,good,17.1,8638,3.417384769356727,799.13525390625,17.132367937584313,,CTX,False,57,41,0.7333333333333334,0.2,0.20149041844111207,277.3281555175781,True,False,1.6109532732877954,-0.05626342161775226,True,principal,True
56,good,1.9,3693,1.461032872567075,801.6923828125,1.8758793184238391,,CTX,False,56,41,0.7,0.23333333333333334,0.24695781311714343,820.8717651367188,True,False,12.50486949746786,-0.42773355676581476,True,principal,True
55,good,0.0,1411,0.5582229578099492,805.0826416015625,0.0,0.0,CTX,False,55,41,0.7333333333333334,0.16666666666666666,0.19566572579097813,654.1967163085938,True,False,0.6134969325153374,0.13513513513513514,True,principal,True
58,good,0.0,3437,1.3597535832691678,842.6435546875,0.0,0.0,CTX,False,58,43,0.9,0.23333333333333334,0.19546301902301427,425.91015625,True,False,0.05342831700801425,0.09394467979068026,True,principal,True
65,good,0.9,93510,36.99463414940352,872.6962890625,0.8935647381676339,0.914084887606853,CTX,False,65,44,0.3666666666666667,0.2,0.3554238007474953,521.2315673828125,True,False,0.02807100004569698,-0.010266183666244804,True,interneuron,True
64,good,0.3,14331,5.669662089563702,879.1714477539062,0.34002040121467886,10.03087568174646,CTX,False,64,44,0.9,0.16666666666666666,0.16639654007756424,903.9124145507812,True,False,0.15820749620559257,-0.012621074258878779,True,principal,True
67,good,0.0,3018,1.1939878714886087,927.9193115234375,0.0,0.0,CTX,False,67,47,0.7333333333333334,0.16666666666666666,0.257573788600339,753.3724975585938,True,False,0.5779269202087994,0.0856327307326356,True,principal,True
66,good,0.0,701,0.27733117889778486,939.7611694335938,0.0,0.0,CTX,False,66,47,0.7666666666666667,0.2,0.21566134875911863,681.6351928710938,True,False,,0.125,False,principal,True
72,good,1.1,5201,2.0576311860875593,956.0975341796875,1.0902153174869835,3.212366091066338,CTX,False,72,48,0.9,0.2,0.20393236018646793,655.6832275390625,True,False,1.6487730061349695,0.24836601307189546,True,principal,True
77,good,0.0,8227,3.2547840353667277,1062.6483154296875,0.0,1.260033453126358,HPC,True,77,53,0.6,0.26666666666666666,0.21690481452135274,241.4016876220703,True,False,0.03663450970814507,0.003618817852834792,True,principal,True
79,good,4.5,1550,0.6132144469209223,1104.9130859375,4.504504504465847,,HPC,False,79,55,0.6666666666666666,0.3333333333333333,0.1489996255004698,285.9615783691406,True,False,1.113013698630137,-0.09689213893967094,True,principal,True
85,good,0.0,38963,15.414628706696707,1198.19384765625,0.0,0.11111928748553934,HPC,False,85,60,0.23333333333333334,0.13333333333333333,0.29441220694775383,1179.062255859375,True,False,1.2870998035022372,0.1901098901098901,True,interneuron,True
89,good,14.8,29880,11.821192047740103,1203.643798828125,14.83003528740099,16.925048887783184,HPC,False,89,60,0.5,0.26666666666666666,0.2874079503218837,466.30535888671875,True,False,0.18219467265466377,0.020116339233917077,True,principal,True
87,good,0.0,1004,0.39720471271522967,1216.047607421875,0.0,0.0,HPC,False,87,61,0.5666666666666667,0.16666666666666666,0.14788929131843812,287.4983825683594,True,False,2.571115973741794,0.0684931506849315,True,principal,True
86,good,3.2,22600,8.941062258330867,1216.7545166015625,3.218768999584925,6.518437987782455,HPC,False,86,61,0.5333333333333333,0.3,-0.04372166298101283,352.69842529296875,False,True,3.848959418822759,-0.0032845956621162524,True,unclassified,False
90,good,9.2,45835,18.133344628787402,1262.096923828125,9.164462023721034,6.798669407841268,HPC,False,90,63,0.5,0.16666666666666666,0.22623806168505037,468.2148742675781,True,False,0.08841215890795502,0.03784319822507587,True,principal,False
98,good,7.6,26951,10.66241455417147,1341.424072265625,7.618778878742875,9.910644902514825,HPC,False,98,67,1.0333333333333334,0.26666666666666666,0.1724006550544858,560.871337890625,True,False,2.399242505230685,-0.07237933293378124,True,principal,True
101,good,1.8,3706,1.4661759614767342,1344.91796875,1.7961383026317688,24.304392518718824,HPC,False,101,67,1.0666666666666667,0.4333333333333333,0.3070079986626351,710.2872314453125,True,False,12.952586206896552,0.15553640672124083,True,principal,True
97,good,0.0,295,0.11670855602688522,1355.7359619140625,0.0,0.0,HPC,False,97,67,0.4333333333333333,0.8,-0.4111392268309891,774.78076171875,False,True,,-0.1333333333333333,False,unclassified,False
103,good,10.8,39450,15.607296729697023,1363.6138916015625,10.754849732975886,10.253327221042602,HPC,False,103,69,1.1,0.3666666666666667,0.24832412630931128,531.772216796875,True,False,0.2383645131395002,-0.027236013880636872,True,principal,False
105,good,0.0,344,0.13609404499406277,1373.565673828125,0.0,,HPC,False,105,69,1.0666666666666667,0.16666666666666666,0.1580649735026545,1183.47998046875,True,False,,-0.2521739130434783,False,principal,True
109,good,12.6,12263,4.8515153307040455,1397.14111328125,12.639453149607668,20.385414761805524,HPC,False,109,70,1.1,0.26666666666666666,0.23240651794001202,516.7159423828125,True,True,0.515766969535008,0.07599699021820919,True,principal,False
108,good,13.0,1258,0.49769275756549697,1402.908203125,13.02931596080569,,HPC,False,108,70,0.9,0.16666666666666666,0.14163102008192568,1117.7557373046875,True,False,5.851063829787234,0.07981220657276991,True,principal,True
117,good,0.0,3025,1.1967572270553484,1462.09912109375,0.0,0.0,HPC,False,117,73,1.1666666666666667,0.4,0.26264283673681316,247.38328552246094,True,False,,-0.029328287606433318,False,principal,True
128,good,2.6,13874,5.488862733277985,1481.024169921875,2.643078471222259,3.562400656729825,HPC,False,128,74,1.0666666666666667,0.3333333333333333,0.18237388310434474,394.1451110839844,True,False,0.049508218364248464,0.016931259896869565,True,principal,True
138,good,14.9,9960,3.940397349246701,1647.69873046875,14.874141875762142,43.876487175160136,HPC,False,138,82,0.5666666666666667,0.26666666666666666,0.3036697560590624,334.21978759765625,True,False,0.3343155031731641,-0.08160220360381036,True,principal,True
137,good,0.2,33031,13.067797674996765,1648.5931396484375,0.22993130801031825,0.23220992685542008,HPC,False,137,82,0.6,0.16666666666666666,0.16100138479830808,667.3758544921875,True,False,0.027166933396558197,0.17977794647940784,True,principal,True
136,good,0.0,1563,0.6183575358305816,1668.7030029296875,0.0,0.0,HPC,False,136,83,0.13333333333333333,0.2,3.397697305956123,269.2716064453125,True,True,10.481682496607869,-0.002298850574712676,True,interneuron,False
142,good,16.1,6597,2.6099198105402093,1676.186279296875,16.066838045916324,,HPC,False,142,84,0.23333333333333334,0.13333333333333333,0.3115189665598034,365.4369812011719,True,False,0.8005227903937265,-0.12860802732707086,True,interneuron,True
143,good,0.0,5799,2.2942132759318894,1676.8529052734375,0.0,11.257001132175898,HPC,False,143,84,0.16666666666666666,0.4333333333333333,4.53556051004568,289.5001525878906,True,True,7.085797281875713,0.005885934645829116,True,interneuron,False
158,good,0.0,229,0.09059748925476853,1960.6185302734375,0.0,0.0,HPC,False,158,98,0.2,0.5666666666666667,5.511867430602583,701.8700561523438,True,True,,,False,interneuron,False
170,good,1.0,28493,11.272464023301833,2025.796142578125,0.9752767347123872,2.4466686373874005,HPC,False,170,101,0.6333333333333333,0.26666666666666666,0.2906816791533577,948.5812377929688,True,False,0.026841234100296745,0.0021946368561826567,True,principal,True
174,good,6.9,8070,3.1926713462269958,2044.546142578125,6.896551724001684,26.322894733744377,HPC,False,174,102,0.5,0.3666666666666667,0.13216757464837503,626.90869140625,True,True,9.845145920190589,-0.05704365079365079,True,principal,False
175,good,0.1,36682,14.512214414163402,2050.2314453125,0.07694971335916544,1.9150805813054061,HPC,False,175,103,0.26666666666666666,0.13333333333333333,0.22147714401064358,950.0902709960938,True,False,1.2773430553085543,-0.038656566643281515,True,interneuron,True
